J0025+641,Tycho SNR,6.3083,64.1443,Galactic-SNR,-0.009786,-2.796
J0029+595,IGR J00291+5934,7.2628,59.572,Galactic-Compact-Binary-NS/BH,0.01743,4.98
J0035+598,"1ES 0033+595,QSO B0033+595,87GB 003300.9+593328",8.9694,59.8346,ExtraGalactic-AGN,0.015653,4.472
J0041-093,Abell 85,10.4075,-9.3425,ExtraGalactic-Cluster_of_Galaxies,,-1
J0042+411,"M 31,4U 0037+39",10.6458,41.1617,ExtraGalactic-Galaxy,0.053932,15.409
J0056+607,Gamma Cas,14.1772,60.7167,Galactic-Star,-0.000723,-0.207
J0056-012,Abell 119,14.07,-1.25,ExtraGalactic-Cluster_of_Galaxies,-0.033236,-9.496
J0100-721,"PSR J0100-7211,CXOU J010043.1-72113",15.1798,-72.1927,Galactic-Compact-Isolated,,-1
J0108+015,"4C 1.02,LBQS 0106+0119",17.1615,1.5834,ExtraGalactic-AGN,,-1
J0112+227,HB89 0109+224,18.0243,22.7441,ExtraGalactic-AGN,,-1
J0112+321,4C 31.03,18.2097,32.1382,ExtraGalactic-AGN,,-1
J0117-734,"SMC X-1,RBS 176",19.2729,-73.4422,Galactic-Compact-Binary-Pulsar,0.079019,22.577
J0118+637,"4U 0115+63,V635 Cas",19.6329,63.74,Galactic-Compact-Binary-Pulsar,0.046241,13.212
J0118+652,"4U 0114+65,2S 0114+650,V662 Cas",19.5112,65.2916,Galactic-Compact-Binary-Pulsar,0.000558,0.159
J0123+343,"1ES 0120+340,SHBL J012308.7+342049",20.786,34.3469,ExtraGalactic-AGN,0.018471,5.277
J0146+617,"4U 0142+61,PSR J0146+6145",26.5934,61.7509,Galactic-Compact-Isolated,-0.024184,-6.91
J0152+361,Abell 262,28.21,36.1461,ExtraGalactic-Cluster_of_Galaxies,-0.009014,-2.575
J0210-510,HB89 0208-512,32.6925,-51.0172,ExtraGalactic-AGN,,-1
J0222+430,3C 66A,35.665,43.0355,ExtraGalactic-AGN,0.003385,0.967
J0238+166,"PKS 0235+164,AO 0235+164,HB89 0235+164",39.6622,16.6165,ExtraGalactic-AGN,,-1
J0240+612,"LS I +61 303,V615 Cas",40.13194,61.229334,Galactic-Compact-Binary-NS/BH,-0.003194,-0.913
J0242-000,"NGC 1068,3C71",40.6701,-0.0134,ExtraGalactic-AGN,-0.000475,-0.136
J0248+311,VY Ari,42.1822,31.1152,Galactic-Star,0.000759,0.217
J0254+415,"AWM 7,4U 0253+41",43.634167,41.586111,ExtraGalactic-Cluster_of_Galaxies,,-1
J0308+409,"Algol,Beta Per",47.0417,40.9575,Galactic-Star,0.010135,2.896
J0319+415,"Perseus Cluster,NGC 1275",49.9507,41.5117,ExtraGalactic-Cluster_of_Galaxies,-0.013818,-3.948
J0326+287,UX Ari,51.6475,28.7151,Galactic-Star,0.018171,5.192
J0331+439,GK Per,52.7993,43.9047,Galactic-Compact-Binary-WD,0.028174,8.05
J0334+531,"V 0332+53,BQ Cam",53.7495,53.1732,Galactic-Compact-Binary-Pulsar,0.011776,3.365
J0336+005,"HR1099,V711 Tau",54.197,0.5878,Galactic-Star,0.000609,0.174
J0338+099,ZwCl 0335+0956,54.6471,9.965,ExtraGalactic-Cluster_of_Galaxies,0.016619,4.748
J0339-017,"CTA 26,HB89 0336-019",54.8789,-1.7766,ExtraGalactic-AGN,,-1
J0342-536,Abell 3158,55.665,-53.6306,ExtraGalactic-Cluster_of_Galaxies,,-1
J0355+310,X Per,58.8462,31.0458,Galactic-Compact-Binary-Pulsar,0.050956,14.559
J0409-712,VW Hyi,62.2975,-71.2948,Galactic-Compact-Binary-WD,-0.006116,-1.747
J0413+104,Abell 478,63.33625,10.476389,ExtraGalactic-Cluster_of_Galaxies,0.011754,3.358
J0416+010,"1ES 0414+009,1H 0414+009",64.2184,1.0901,ExtraGalactic-AGN,0.000992,0.283
J0418+380,3C 111,64.5887,38.0266,ExtraGalactic-AGN,-0.056869,-16.248
J0421+329,GRO J0422+32,65.4282,32.9074,Galactic-Compact-Binary-BH,,-1
J0423-013,"OA 129,HB89 0420-014",65.8158,-1.3425,ExtraGalactic-AGN,,-1
J0431-614,Abell 3266,67.821997,-61.458,ExtraGalactic-Cluster_of_Galaxies,0.021759,6.217
J0433+053,3C 120,68.2962,5.3543,ExtraGalactic-AGN,0.003774,1.078
J0433-133,Abell 496,68.4,-13.3,ExtraGalactic-Cluster_of_Galaxies,-0.027425,-7.836
J0440+445,"LS V +44 17,BSD 24-491,RX J0440.9+4431",70.247152,44.530352,Galactic-Compact-Binary-Pulsar,0.074134,21.181
J0442-002,"NRAO 190,HB89 0440-003",70.6611,-0.2954,ExtraGalactic-AGN,,-1
J0447-101,KT Eri,71.9759,-10.1786,Galactic-Compact-Binary-WD,-0.007969,-2.277
J0449+450,3C 129,72.2878,45.0109,ExtraGalactic-AGN,0.099522,28.435
J0457-234,PKS 0454-234,74.2632,-23.4144,ExtraGalactic-AGN,,-1
J0507+676,1ES 0502+675,76.9846,67.6233,ExtraGalactic-AGN,0.135375,38.679
J0510+164,"IRAS 05078+1626,2E 0507.8+1626,4U 0517+17",77.6896,16.4986,ExtraGalactic-AGN,-0.02667,-7.62
J0514-400,"4U 0513-40,1H 0512-401,NGC 1851",78.5275,-40.0436,Galactic-Compact-Binary-NS/BH,0.001527,0.436
J0516-001,Ark 120,79.0478,-0.1502,ExtraGalactic-AGN,-0.018254,-5.215
J0520-719,"LMC X-2,RBS 640",80.1225,-71.9586,Galactic-Compact-Binary-NS,0.085792,24.512
J0522-364,PKS 0521-365,80.7416,-36.4586,ExtraGalactic-AGN,0.019123,5.464
J0529-328,TV Col,82.3564,-32.8178,Galactic-Compact-Binary-WD,-0.014508,-4.145
J0530+135,PKS 0528+134,82.7351,13.532,ExtraGalactic-AGN,,-1
J0532-663,"LMC X-4,HDE 269743",83.2075,-66.3705,Galactic-Compact-Binary-Pulsar,0.022141,6.326
J0535-053,"M 42,Orion Nebula",83.822083,-5.391111,Galactic-Star,0.020687,5.911
J0534+220,"Crab,M 1",83.6332,22.0145,Galactic-SNR,3.583022,1023.721
J0535-668,"1A 0535-66,RBS 666",83.92,-66.865,Galactic-Compact-Binary-NS/BH,,-1
J0537-691,PSR J0537-6910,84.4475,-69.1722,Galactic-Compact-Isolated,,-1
J0538+263,"1A 0535+262,V725 Tau",84.727417,26.315806,Galactic-Compact-Binary-Pulsar,0.010671,3.049
J0538-440,"PKS 0537-441,HB89 0537-441",84.7098,-44.0858,ExtraGalactic-AGN,,-1
J0538-640,"LMC X-3,RBS 674",84.7346,-64.0842,Galactic-Compact-Binary-BH,0.003507,1.002
J0539-697,"LMC X-1,NGC 2078",84.9146,-69.7435,Galactic-Compact-Binary-BH,0.063254,18.073
J0541-684,XMMU J054134.7-682550,85.3946,-68.4306,NA,,-1
J0540-019,zeta Ori,85.18969443,-1.94257359,Galactic-Star,-0.03399,-9.711
J0552-074,NGC 2110,88.0474,-7.4562,ExtraGalactic-AGN,-0.008257,-2.359
J0554+464,MCG +08-11-011,88.7235,46.4394,ExtraGalactic-AGN,-0.01761,-5.031
J0616+224,IC 443,94.2092,22.4708,Galactic-SNR,0.030828,8.808
J0617+091,"H 0614+091,V1055 Ori",94.2804,9.1369,Galactic-Compact-Binary-NS/BH,0.178361,50.96
J0622-003,"1A 0620-00,V616 Mon",95.685417,-0.345556,Galactic-Compact-Binary-BH,0.007753,2.215
J0626-536,"ACO 3391,2E 0625.4-5339",96.5642,-53.6811,ExtraGalactic-Cluster_of_Galaxies,-0.000286,-0.082
J0632+058,"MWC 148,HESS J0632+057",98.2469,5.8003,Galactic-Compact-Binary-NS/BH,-0.048767,-13.933
J0650+250,"1ES 0647+25.0,QSO B0647+250",102.6942,25.05,ExtraGalactic-AGN,0.051574,14.735
J0658-072,"MXB 0656-072,2E 0655.8-0708,XTE J0658-073,3A 0656-072",104.5721,-7.2098,Galactic-Compact-Binary-NS/BH,0.011461,3.275
J0721+713,"S5 0716+71,HB89 0716+714",110.4727,71.3434,ExtraGalactic-AGN,-0.118848,-33.957
J0738+177,"PKS 0735+17,HB89 0735+178",114.5308,17.7053,ExtraGalactic-AGN,,-1
J0739+016,HB89 0736+017,114.8251,1.6179,ExtraGalactic-AGN,,-1
J0742+498,"Mrk 79,UGC 3973",115.6367,49.8097,ExtraGalactic-AGN,,-1
J0747-192,"ClG 0745-1910,4U 0739-19",116.8805,-19.2944,ExtraGalactic-Cluster_of_Galaxies,0.037854,10.815
J0748-677,"EXO 0748-676,UY Vol",117.1408,-67.7514,Galactic-Compact-Binary-NS,0.001914,0.547
J0757+099,PKS 0754+101,119.277917,9.943056,ExtraGalactic-AGN,,-1
J0809+523,"1ES 0806+524,SDSS J080949.18+521858.2",122.4549,52.3162,ExtraGalactic-AGN,,-1
J0815-569,4U 0814-56,123.75,-56.9,Unknown,,-1
J0817-075,Abell 644,124.3521,-7.5128,ExtraGalactic-Cluster_of_Galaxies,-0.0485,-13.857
J0824-429,"Pup A,1ES 0821-426,SAXWFC J0823.2-4250.1",126.0292,-42.9967,Galactic-SNR,0.028055,8.016
J0830+241,"OJ 248,QSO B0827+2421,FBQS J083052.0+241059",127.717,24.1833,ExtraGalactic-AGN,,-1
J0831+044,HB89 0829+046,127.9537,4.4942,ExtraGalactic-AGN,,-1
J0835-431,GS 0834-430,128.9792,-43.185,Galactic-Compact-Binary-Pulsar,0.030924,8.835
J0835-451,"Vela Pulsar and SNR,HU Vel",128.836083,-45.176444,Galactic-Compact-Isolated,0.156089,44.597
J0840-450,IGR J08408-4503,130.1991,-45.0584,Galactic-Compact-Binary-NS,,-1
J0841+708,"HB89 0836+710,S5 0836+71",130.3515,70.895,ExtraGalactic-AGN,,-1
J0854+201,OJ 287,133.7036,20.1085,ExtraGalactic-AGN,0.019551,5.586
J0902-405,"Vela X-1,GP Vel",135.5286,-40.5547,Galactic-Compact-Binary-Pulsar,0.210528,60.151
J0904-323,T Pyx,136.1729,-32.3799,Galactic-Compact-Binary-WD,,-1
J0908-096,Abell 754,137.15,-9.63,ExtraGalactic-Cluster_of_Galaxies,0.069005,19.716
J0920-552,"1H 0918-548,1RXS J092026.2-551224",140.1123,-55.2069,Galactic-Compact-Binary-NS/BH,0.003946,1.127
J0911-507,1FGL J0910.4-5044,137.7507,-50.7966,Others,,-1
J0922-632,2S 0921-63,140.6467,-63.294,Galactic-Compact-Binary-NS/BH,0.000192,0.055
J0924-316,4U 0923-31,141.05,-31.67,Unknown,0.036566,10.447
J0925+522,Mrk 110,141.3036,52.2863,ExtraGalactic-AGN,0.02895,8.271
J0929-313,"XTE J0929-314,INTREF 390",142.325,-31.385,Galactic-Compact-Binary-NS/BH,,-1
J0947-309,MCG -05-23-016,146.9174,-30.9489,ExtraGalactic-AGN,0.012782,3.652
J0955+696,"M 82,NGC 3031",148.9675,69.6802,ExtraGalactic-Galaxy,-0.019587,-5.596
J0958+655,"S4 0954+65,HB89 0954+658",149.6969,65.5652,ExtraGalactic-AGN,,-1
J1009-582,"GRO J1008-57,SAXWFC J1009.7-5817.6",152.4417,-58.2922,Galactic-Compact-Binary-Pulsar,0.01207,3.449
J1015+494,1ES 1011+496,153.7674,49.4335,ExtraGalactic-AGN,-0.047302,-13.515
J1023+198,NGC 3227,155.8775,19.8649,ExtraGalactic-AGN,0.020863,5.961
J1031+508,"1ES 1028+511,2MASX J10311847+5053358",157.8271,50.8933,ExtraGalactic-AGN,,-1
J1036-275,Abell 1060,159.18,-27.53,ExtraGalactic-Cluster_of_Galaxies,,-1
J1045-596,Eta Car,161.2633,-59.6857,Galactic-Star,0.021979,6.28
J1050-598,"1E 1048.1-5937,2E 1048.1-5937",162.5372,-59.8889,Galactic-Compact-Isolated,,-1
J1053+494,"RX J1053.7+4929,2E 1050.7+4946",163.4339,49.4989,ExtraGalactic-AGN,0.193258,55.217
J1103-234,"1ES 1101-23.2,4U 1057-21,6dFGS gJ110337.6-232931",165.9065,-23.4917,ExtraGalactic-AGN,0.00986,2.817
J1104+382,Mrk 421,166.1138,38.2088,ExtraGalactic-AGN,0.176691,50.483
J1106+725,NGC 3516,166.6979,72.5685,ExtraGalactic-AGN,0.10873,31.066
J1117+202,RGB J1117+202,169.276,20.2354,ExtraGalactic-AGN,0.029811,8.517
J1118+480,"XTE J1118+480,KV UMa",169.5454,48.0369,Galactic-Compact-Binary-NS,0.024623,7.035
J1120-619,"1A 1118-616,2E 2448",170.2384,-61.9168,Galactic-Compact-Binary-NS/BH,,-1
J1121-606,"Cen X-3,V779 Cen",170.3157,-60.623,Galactic-Compact-Binary-Pulsar,0.038171,10.906
J1126-686,"GRS 1124-68,GU Mus,GS 1124-683,Nova Muscae 1991",171.6108,-68.67564,Galactic-Compact-Binary-BH,,-1
J1130+382,"B2 1128+38,B3 1128+385",172.722,38.2552,ExtraGalactic-AGN,,-1
J1130-148,"QSO J1130-1449,PKS 1127-14",172.5294,-14.8243,ExtraGalactic-AGN,,-1
J1136+676,RGB J1136+676,174.1253,67.6179,ExtraGalactic-AGN,0.024469,6.991
J1136+701,Mrk 180,174.11,70.1576,ExtraGalactic-AGN,,-1
J1139-377,NGC 3783,174.7572,-37.7386,ExtraGalactic-AGN,-0.00467,-1.334
J1139-653,"GT Mus,4U 1137-65",174.8733,-65.3978,Galactic-Star,0.00244,0.697
J1143+716,DO Dra,175.9104,71.6891,Galactic-Compact-Binary-WD,0.280142,80.041
J1144+196,Abell 1367,176.1858,19.6997,ExtraGalactic-Cluster_of_Galaxies,,-1
J1147-619,"1E 1145.1-6141,3A 1145-616,V830 Cen",176.8692,-61.9539,Galactic-Compact-Binary-NS/BH,0.051302,14.658
J1148-622,"H 1145-619,V801 Cen",177.0001,-62.2069,Galactic-Star,0.041729,11.923
J1159+292,"4C 29.45,FBQS J1159+2914",179.8826,29.2455,ExtraGalactic-AGN,,-1
J1203+445,NGC 4051,180.79,44.531,ExtraGalactic-AGN,0.295353,84.387
J1210+394,NGC 4151,182.6357,39.4057,ExtraGalactic-AGN,0.073774,21.078
J1211+227,"RX J1211.9+2242,SDSS J121158.63+224232.9",182.9943,22.7092,ExtraGalactic-AGN,,-1
J1213-648,"4U 1210-64,SWIFT J1213.2-6458",183.45,-64.8383,Galactic-Compact-Binary-NS,-0.00324,-0.926
J1218+298,"Mrk 766,NGC 4253",184.6104557,29.8128722,ExtraGalactic-AGN,,-1
J1218+473,"M 106,NGC 4258",184.7396,47.304,ExtraGalactic-AGN,,-1
J1221+282,"ON 231,W Com",185.3820438,28.2329167,ExtraGalactic-AGN,0.089436,25.553
J1221+301,"1ES 1218+304,FBQS J1221+3010",185.3414208,30.176975,ExtraGalactic-AGN,0.03096,8.846
J1222+042,"4C 4.42,HB89 1219+044",185.594,4.221,ExtraGalactic-AGN,-0.027483,-7.852
J1226-627,"GX 301-2,BP Cru",186.6567,-62.7706,Galactic-Compact-Binary-Pulsar,0.06022,17.206
J1229+020,3C 273,187.2779,2.0524,ExtraGalactic-AGN,0.010088,2.882
J1230+123,M 87,187.7059,12.3911,ExtraGalactic-AGN,0.053288,15.225
J1239+047,1RXS J123933.9+044308,189.8913,4.7189,Others,,-1
J1239-053,NGC 4593,189.9143,-5.3443,ExtraGalactic-AGN,,-1
J1242-630,HD110432,190.7093,-63.0586,Galactic-Star,,-1
J1246-257,PKS 1244-255,191.695,-25.797,ExtraGalactic-AGN,,-1
J1248-413,"Centaurus Cluster,Abell 3526",192.2158,-41.3058,ExtraGalactic-Cluster_of_Galaxies,-0.031243,-8.927
J1249-590,"1A 1246-588,1RXS J124938.0-590525",192.415,-59.087,Galactic-Compact-Binary-NS/BH,0.017577,5.022
J1252-292,EX Hya,193.1021,-29.2492,Galactic-Compact-Binary-WD,-0.033209,-9.488
J1256-057,3C 279,194.0465,-5.7893,ExtraGalactic-AGN,-0.065909,-18.831
J1257-692,"4U 1254-690,GR Mus",194.405,-69.2892,Galactic-Compact-Binary-NS/BH,0.082871,23.677
J1259+279,Coma Cluster,194.9531,27.9807,ExtraGalactic-Cluster_of_Galaxies,0.067562,19.303
J1301-616,GX 304-1,195.3212,-61.6018,Galactic-Compact-Binary-Pulsar,0.00639,1.826
J1302-638,PSR B1259-63 with IGR J13020-6359,195.6986,-63.8357,Galactic-Compact-Binary-Pulsar,0.030155,8.616
J1324-576,CIZA J1324.7-5736,201.18,-57.6144444,ExtraGalactic-Cluster_of_Galaxies,0.017879,5.108
J1324-632,SAX J1324.5-6313,201.1125,-63.2233,Others,-0.011272,-3.221
J1325-430,"Cen A,NGC 5128",201.3651,-43.0191,ExtraGalactic-AGN,0.085167,24.333
J1326-621,"4U 1323-619,SAXWFC J1326.7-6208.8",201.6504,-62.1361,Galactic-Compact-Binary-NS,0.005399,1.543
J1329-316,Abell 3558,202.25,-31.6,ExtraGalactic-Cluster_of_Galaxies,,-1
J1335-342,MCG -06-30-15,203.9742,-34.2955,ExtraGalactic-AGN,0.122181,34.909
J1347+174,Tau Boo,206.8156,17.4569,Galactic-Star,,-1
J1347-329,Abell 3571,206.79167,-32.908611,ExtraGalactic-Cluster_of_Galaxies,,-1
J1347-606,4U 1344-60,206.9,-60.6177,ExtraGalactic-AGN,-0.009484,-2.71
J1349+265,Abell 1795,207.2521,26.5853,ExtraGalactic-Cluster_of_Galaxies,0.002412,0.689
J1349-303,IC 4329A,207.3303,-30.3094,ExtraGalactic-AGN,0.015567,4.448
J1357+193,"4C 19.44,HB89 1354+195",209.2685,19.3187,ExtraGalactic-AGN,,-1
J1358-647,GS 1354-64,209.5426,-64.7331,Galactic-Compact-Binary-BH,0.003737,1.068
J1407-510,CIZA J1407.8-5100,211.9688,-51.0092,ExtraGalactic-Cluster_of_Galaxies,,-1
J1408-078,"PKS 1406-076,HB89 1406-076",212.2353,-7.8741,ExtraGalactic-AGN,,-1
J1413-032,NGC 5506,213.312,-3.2075,ExtraGalactic-AGN,0.087872,25.106
J1417+251,NGC 5548,214.498,25.1368,ExtraGalactic-AGN,0.039233,11.209
J1421-626,"2S 1417-624,4U 1416-62",215.3033,-62.6983,Galactic-Compact-Binary-Pulsar,0.008567,2.448
J1428+426,"1ES 1426+428,H 1426+428,2MASX J14283260+4240210",217.1360833,42.6723889,ExtraGalactic-AGN,-0.029554,-8.444
J1440-626,RCW 86,220.1208,-62.645,Galactic-SNR,-0.0334,-9.543
J1457-356,PKS 1454-354,224.3613,-35.6528,ExtraGalactic-AGN,,-1
J1457-431,"IC 4518,VV780",224.4288,-43.1317,ExtraGalactic-AGN,,-1
J1458-316,"Cen X-4,V822 Cen",224.5917,-31.6689,Galactic-Compact-Binary-NS/BH,0.008326,2.379
J1502-420,SN 1006,225.5921,-42.0969,Galactic-SNR,0.020058,5.731
J1504+104,PKS 1502+106,226.1041,10.4942,ExtraGalactic-AGN,,-1
J1510+057,Abell 2029,227.7446,5.7617,ExtraGalactic-Cluster_of_Galaxies,0.006761,1.932
J1512-090,"PKS 1510-08,QSO J1512-0906,HB89 1510-089 NED02,TXS 1510-089",228.2106,-9.0999,ExtraGalactic-AGN,-0.108027,-30.865
J1512-323,Fermi J1512-3221,228.05,-32.366667,Unknown,-0.038525,-11.007
J1513-591,"PSR B1509-58,Cir pulsar",228.4813,-59.1358,Galactic-Compact-Isolated,0.058299,16.657
J1520-571,"Cir X-1,BR Cir",230.1704,-57.1669,Galactic-Compact-Binary-NS/BH,1.496939,427.697
J1522+277,Abell 2065,230.6775,27.7225,ExtraGalactic-Cluster_of_Galaxies,,-1
J1523+086,Abell 2063,230.7575,8.6394,ExtraGalactic-Cluster_of_Galaxies,,-1
J1539-624,Swift J1539.2-6227,234.804,-62.466,Galactic-Compact-Binary-BH,,-1
J1542-523,"4U 1538-52,QV Nor",235.5971,-52.3861,Galactic-Compact-Binary-Pulsar,0.20919,59.769
J1547-476,"4U 1543-475,IL Lup",236.7858,-47.6694,Galactic-Compact-Binary-BH,-0.055606,-15.887
J1547-625,"4U 1543-624,1RXS J154754.4-623409",236.9779,-62.5682,Galactic-Compact-Binary-NS/BH,0.119038,34.011
J1550-564,"XTE J1550-564,V381 Nor",237.7446,-56.4767,Galactic-Compact-Binary-NS/BH,-0.014947,-4.271
J1555+111,"PG 1553+113,1ES 1553+113,HB89 1553+113",238.92935,11.1901014,ExtraGalactic-AGN,0.100373,28.678
J1558+272,Abell 2142,239.5833,27.2334,ExtraGalactic-Cluster_of_Galaxies,,-1
J1559+259,T CrB,239.8757,25.9202,Galactic-Compact-Binary-WD,,-1
J1601-607,"1H 1556-605,LU TrA",240.2596,-60.7383,Galactic-Compact-Binary-NS/BH,0.007088,2.025
J1602+158,Abell 2147,240.5717,15.8953,ExtraGalactic-Cluster_of_Galaxies,0.004345,1.241
J1608+104,4C 10.45,242.1925,10.4855,ExtraGalactic-AGN,,-1
J1612-524,"4U 1608-52,H 1608-522,QX Nor",243.1792,-52.4231,Galactic-Compact-Binary-NS/BH,0.057132,16.323
J1613+342,"HB89 1611+343,OS 319,QSO B1611+343",243.4211,34.2133,ExtraGalactic-AGN,,-1
J1615-061,Abell 2163,243.8921,-6.1239,ExtraGalactic-Cluster_of_Galaxies,,-1
J1619-156,Sco X-1,244.9795,-15.6402,Galactic-Compact-Binary-NS,56.169685,16048.481
J1622-178,U Sco,245.6278,-17.8784,Galactic-Compact-Binary-WD,,-1
J1625-234,Rho Oph,246.396,-23.447,Galactic-Star,,-1
J1625-254,PKS 1622-253,246.4454,-25.4606,ExtraGalactic-AGN,,-1
J1626-298,PKS 1622-297,246.5251,-29.8575,ExtraGalactic-AGN,,-1
J1626-334,CIZA J1626.3-3329,246.5862,-33.4889,ExtraGalactic-Cluster_of_Galaxies,,-1
J1626-519,Swift J1626.6-5156,246.651,-51.9426,Galactic-Compact-Binary-NS/BH,-0.09853,-28.151
J1628+395,Abell 2199,247.1542,39.5244,ExtraGalactic-Cluster_of_Galaxies,,-1
J1628-491,"4U 1624-490,1RXS J162804.7-491150",247.011792,-49.1985,Galactic-Compact-Binary-NS/BH,0.188465,53.847
J1631-488,IGR J16318-4848,247.9667,-48.8083,Galactic-Compact-Binary-NS/BH,,-1
J1632+825,NGC 6251,248.1332,82.5379,ExtraGalactic-AGN,,-1
J1632-474,IGR J16328-4726,248.1917,-47.4367,NA,,-1
J1632-478,AX J1631.9-4752,248.0079,-47.8742,Galactic-Compact-Binary-NS/BH,,-1
J1632-674,"4U 1626-67,KZ TrA",248.07,-67.4619,Galactic-Compact-Binary-Pulsar,-0.027274,-7.793
J1634-473,"4U 1630-472,Nor X-1,GX 337+00,SAXWFC J1634.0-4722.8",248.5017,-47.3942,Galactic-Compact-Binary-BH,1.128866,322.533
J1635+381,"4C 38.41,HB89 1633+382",248.8146,38.1346,ExtraGalactic-AGN,-0.005215,-1.49
J1638-643,"TrA Cluster,1RXS J163818.3-642107",249.567083,-64.347222,ExtraGalactic-Cluster_of_Galaxies,0.01215,3.471
J1640-537,"H 1636-536,V801 Ara",250.2312,-53.7514,Galactic-Compact-Binary-NS/BH,0.221153,63.187
J1641-455,IGR J16418-4532,250.4625,-45.5403,Galactic-Compact-Binary-NS/BH,,-1
J1642+398,3C 345,250.745,39.8103,ExtraGalactic-AGN,,-1
J1645-456,"GX 340+0,1RXS J164547.8-453642",251.4487,-45.6111,Galactic-Compact-Binary-NS/BH,1.74647,498.991
J1647-458,CXOU J164710.2-455216,251.7925,-45.8711,Galactic-Compact-Isolated,,-1
J1650-499,"XTE J1650-500,GHJ2008 3",252.5042,-49.9625,Galactic-Compact-Binary-BH,-0.02235,-6.386
J1652-453,XTE J1652-453,253.0847,-45.3443,Galactic-Compact-Binary-NS/BH,,-1
J1653+397,Mrk 501,253.4676,39.7602,ExtraGalactic-AGN,0.023261,6.646
J1654-398,"GRO J1655-40,V1033 Sco",253.5006,-39.8458,Galactic-Compact-Binary-NS,0.186297,53.228
J1657+353,"Her X-1,HZ Her",254.4575,35.3423,Galactic-Compact-Binary-Pulsar,0.036811,10.517
J1700+685,"2MASSi J1700092+683007,GB6 J1700+6830",255.0387,68.5019,ExtraGalactic-AGN,,-1
J1700-416,"OAO 1657-41,H 1657-415,Roche star 10B",255.1996,-41.6731,Galactic-Compact-Binary-Pulsar,0.052214,14.918
J1700-461,XTE J1701-462,255.2436,-46.1857,Galactic-Compact-Binary-NS/BH,0.101542,29.012
J1701-408,XTE J1701-407,255.4346,-40.8583,Galactic-Compact-Binary-NS/BH,0.047441,13.555
J1702-299,"H 1658-298,V2134 Oph",255.5273,-29.9456,Galactic-Compact-Binary-NS/BH,0.011089,3.168
J1702-487,"GX 339-4,V821 Ara",255.7063,-48.7897,Galactic-Compact-Binary-BH,0.34465,98.471
J1703+787,Abell 2256,255.9313,78.7175,ExtraGalactic-Cluster_of_Galaxies,,-1
J1703-378,"H 1700-377,V884 Sco",255.9866,-37.8441,Galactic-Compact-Binary-NS,,-1
J1705-364,"GX 349+2,V1101 Sco",256.4354,-36.4231,Galactic-Compact-Binary-NS/BH,2.710808,774.517
J1706+239,"4U 1700+24,V934 Her",256.6438,23.9718,Galactic-Compact-Binary-NS,0.060359,17.245
J1706-430,"4U 1702-429,H 1702-429,Ara X-1,SAXWFC J1706.2-4302.0",256.5638,-43.0358,Galactic-Compact-Binary-NS/BH,,-1
J1706-617,IGR J17062-6143,256.686,-61.755001,Galactic-Compact-Binary-NS,0.032242,9.212
J1708-250,H 1705-250,257.0608,-25.0914,Galactic-Compact-Binary-BH,,-1
J1708-323,"4U 1705-32,1RXS J170854.4-321857",257.2261,-32.3325,Galactic-Compact-Binary-NS/BH,0.081892,23.398
J1708-401,"1RXS J170849.0-400910,RXS J170849.0-400910",257.2042,-40.1528,Galactic-Compact-Binary-NS/BH,,-1
J1708-441,"4U 1705-440,SAXWFC J1708.9-4406.9",257.227,-44.1021,Galactic-Compact-Binary-NS/BH,1.009043,288.298
J1709-266,"XTE J1709-267,1RXS J170930.2-263927,RX J1709.5-2639",257.3767,-26.6555,Galactic-Compact-Binary-NS/BH,0.086169,24.62
J1709-364,IGR J17091-3624,257.275,-36.41,Galactic-Compact-Binary-NS/BH,,-1
J1709-364,IGR J17098-3626,257.45,-36.4333,Others,,-1
J1710-281,"1RXS J171012.3-280754,XTE J1710-281",257.5512,-28.1317,Galactic-Compact-Binary-NS/BH,0.004719,1.348
J1712-233,Ophiuchus Cluster,258.1082,-23.3759,ExtraGalactic-Cluster_of_Galaxies,0.120814,34.518
J1712-376,SAX J1712.6-3739,258.1417,-37.6433,Galactic-Compact-Binary-NS/BH,0.057466,16.419
J1712-408,"4U 1708-40,1RXS J171224.8-405034,3A 1708-407",258.0993,-40.8428,Galactic-Compact-Binary-NS/BH,0.214224,61.207
J1713-423,Swift J1713.4-4219,258.361,-42.327,Galactic-Compact-Binary-NS/BH,,-1
J1714-340,4U 1711-34,258.58,-34.0494,Galactic-Compact-Binary-NS,0.116095,33.17
J1715-388,"1RXS J171557.7-385152,XTE J1716-389",258.9904,-38.8644,Galactic-Compact-Binary-NS/BH,,-1
J1726-288,"V2674 Oph,Nova Oph 2010 No. 2",261.6338,-28.8275,Galactic-Compact-Binary-WD,0.165871,47.392
J1727-308,"Terzan 2,4U 1724-307,ESO 454-SC 029,4U 1722-30",261.88811,-30.80289,Galactic-Compact-Binary-NS/BH,0.110961,31.703
J1730-214,Kepler SNR,262.6499,-21.4823,Galactic-SNR,,-1
J1731-169,"GX 9+9,V2216 Oph",262.9342,-16.9617,Galactic-Compact-Binary-NS,2.315291,661.512
J1731-338,"GX 354-0,4U 1728-34,Slow Burster,1RXS J173157.7-335007",262.9892,-33.8347,Galactic-Compact-Binary-NS/BH,0.337053,96.301
J1732-247,"GX 1+4,V2116 Oph",263.0079,-24.7458,Galactic-Compact-Binary-Pulsar,-0.061886,-17.682
J1733-130,"NRAO 530,QSO B1730-130,HB89 1730-130",263.2613,-13.0804,ExtraGalactic-AGN,,-1
J1733-333,"H 1730-333,Rapid Burster",263.3504,-33.3878,Galactic-Compact-Binary-NS,0.032413,9.261
J1734-260,"1RXS J173413.0-260527,KS 1731-260",263.556,-26.0885,Galactic-Compact-Binary-NS/BH,,-1
J1735-329,IGR J17354-3255,263.8375,-32.9369,Others,,-1
J1738-269,"SLX 1735-269,1RXS J173817.0-265940",264.571333,-26.994056,Galactic-Compact-Binary-NS/BH,0.030512,8.718
J1738-444,"H 1735-444,V926 Sco",264.7429,-44.45,Galactic-Compact-Binary-NS/BH,0.858543,245.298
J1740+521,HB89 1739+522,265.1541,52.1954,ExtraGalactic-AGN,,-1
J1740-281,IGR J17407-2808,265.1717,-28.1472,Others,,-1
J1742-277,"GRS 1739-278,SAXWFC J1742.7-2744.9",265.665,-27.7477,Galactic-Compact-Binary-BH,-0.0019,-0.543
J1743-297,"1E 1740.7-2942,SAXWFC J1743.8-2945.1",265.9762,-29.7395,Galactic-Compact-Binary-NS/BH,,-1
J1745-290,Galactic Center Region,266.4168,-29.0078,Galactic-Center,0.3302,94.343
J1746-288,"GRO J1744-28,SAXWFC J1744.5-2844.6",266.5,-28.8667,Galactic-Compact-Binary-NS/BH,,-1
J1746-295,"2E 1742.9-2929,GC X-1",266.5229,-29.5153,Galactic-Compact-Binary-NS/BH,0.370753,105.929
J1746-322,"H 1743-322,XTE J17464-3213",266.565,-32.2335,Galactic-Compact-Binary-BH,-0.023594,-6.741
J1747-265,"GX 3+1,1RXS J174755.8-263352",266.9833,-26.5636,Galactic-Compact-Binary-NS,0.703798,201.085
J1747-273,IGR J17473-2721,266.8252,-27.3441,Others,,-1
J1747-300,"1RXS J174725.6-300241,SLX 1744-300",266.8558,-30.0447,Galactic-Compact-Binary-NS/BH,,-1
J1748-203,"NGC 6440,4U 1745-203,H 1745-203,SAX J1748.8-2021",267.2225,-20.3619,Galactic-Compact-Binary-NS,0.028033,8.009
J1748-248,"Terzan 5,EXO 1745-248,IGR J17480-2446",267.2333,-24.895,Galactic-Compact-Binary-NS/BH,0.266162,76.046
J1748-284,"XTE J1748-288,AXJ 1748.0-2829",267.0211,-28.4838,Galactic-Compact-Binary-NS/BH,,-1
J1749-266,"GRO J1750-27,AX J1749.1-2639",267.275,-26.65,Galactic-Compact-Binary-NS/BH,,-1
J1749-281,Swift J1749.4-2807,267.3831,-28.1349,Galactic-Compact-Binary-NS/BH,,-1
J1749-283,IGR J17497-2821,267.4087,-28.3547,NA,,-1
J1749-332,"SLX 1746-331,RX J1749.8-3312",267.4517,-33.2042,Galactic-Compact-Binary-NS/BH,0.053209,15.203
J1750-290,SAX J1750.8-2900,267.6,-29.0383,Galactic-Compact-Binary-NS/BH,,-1
J1750-312,"GRS 1747-312,SAXWFC J1750.8-3116.5",267.6896,-31.2922,Galactic-Compact-Binary-NS/BH,0.074705,21.344
J1750-370,"4U 1746-37,H 1746-370",267.5529,-37.0522,Galactic-Compact-Binary-NS/BH,-0.005406,-1.545
J1751-306,"XTE J1751-305,SAXWFC J1751.2-3037.7",267.7917,-30.6281,Galactic-Compact-Binary-NS/BH,,-1
J1751-309,IGR J17511-3057,267.775,-30.95,NA,,-1
J1752-223,XTE J1752-223,268.0631,-22.3427,Galactic-Compact-Binary-BH,0.039251,11.215
J1752-316,"SAX J1752.3-3138,INTREF 865",268.1,-31.6283,Galactic-Compact-Binary-NS/BH,,-1
J1753-014,Swift J1753.5-0127,268.3678,-1.4517,Galactic-Compact-Binary-BH,0.021868,6.248
J1753-238,SAX J1753.5-2349,268.375,-23.8167,Others,,-1
J1756-251,Swift J1756.9-2508,269.2383,-25.1073,Galactic-Compact-Binary-NS/BH,,-1
J1759-220,"XTE J1759-220,KRL2007b 297,IGR J17597-2201",269.9417,-22.015,Galactic-Compact-Binary-NS/BH,,-1
J1801-205,"GX 9+1,1RXS J180132.3-203132",270.3846,-20.5289,Galactic-Compact-Binary-NS/BH,1.927761,550.789
J1801-250,"GX 5-1,1RXS J180108.7-250444",270.2842,-25.0792,Galactic-Compact-Binary-NS/BH,3.441524,983.293
J1801-257,"GRS 1758-258,1RXS J180112.6-254435",270.3029,-25.7406,Galactic-Compact-Binary-NS/BH,,-1
J1802-202,IGR J18027-2017,270.6662,-20.2869,Galactic-Compact-Binary-NS/BH,,-1
J1805-205,SAX J1805.5-2031,271.3771,-20.5184,Others,,-1
J1806-222,SAX J1806.5-2215,271.625,-22.25,Others,,-1
J1806-245,"2S 1803-245,SAXWFC J1806.9-2434.7",271.7138,-24.5789,Galactic-Compact-Binary-NS/BH,,-1
J1806-294,XTE J1807-294,271.7492,-29.4083,Galactic-Compact-Binary-NS/BH,0.040009,11.431
J1807-290,V5585 Sgr,271.8616,-29.0119,Galactic-Compact-Binary-WD,,-1
J1808-204,SGR 1806-20,272.1638,-20.411,Galactic-Compact-Isolated,,-1
J1808-369,"SAX J1808.4-3658,V4580 Sgr",272.1147,-36.979,Galactic-Compact-Binary-NS,0.019214,5.49
J1809-197,"XTE J1810-197,AXP J1810-197",272.4629,-19.7311,Galactic-Compact-Isolated,0.037241,10.64
J1810-261,"SAX J1810.8-2609,V4722 Sgr",272.6853,-26.1503,Galactic-Compact-Binary-NS,-0.048042,-13.726
J1811-194,"PSR J1811-1925,PSR J1811-1926",272.8718,-19.4243,Galactic-Compact-Isolated,,-1
J1813-178,"AGPS 273.4-17.8,HESS J1813-178",273.3629,-17.8489,Galactic-SNR,,-1
J1813-337,"XTE J1814-338 with XTE J1817-330,V5511 Sgr",273.4126,-33.77286,Galactic-Compact-Binary-NS/BH,,-1
J1814-171,"GX 13+1,Sgr XR-2,V5512 Sgr",273.6315,-17.1574,Galactic-Compact-Binary-NS/BH,1.306948,373.414
J1815-120,"3A 1812-121,1RXS J181506.1-120545",273.7758,-12.0964,Galactic-Compact-Binary-NS/BH,,-1
J1816+498,AM Her,274.0555,49.8678,Galactic-Compact-Binary-WD,-0.02908,-8.309
J1816-140,"GX 17+2,NP Ser",274.0058,-14.0364,Galactic-Compact-Binary-NS/BH,2.704524,772.721
J1817-330,XTE J1817-330 with XTE J1814-338,274.431375,-33.01875,Galactic-Compact-Binary-NS/BH,,-1
J1818+144,SAX J1818.7+1424,274.6833,14.4033,Others,,-1
J1818-170,SAX J1818.6-1703,274.6579,-17.0466,Galactic-Compact-Binary-NS/BH,,-1
J1818-245,XTE J1818-245,274.6033,-24.5375,Others,,-1
J1819-254,"V4641 Sgr,SAX J1819.3-2525",274.8401,-25.4072,Galactic-Compact-Binary-NS/BH,0.040008,11.431
J1820-145,AX J1820.5-1434,275.1229,-14.5733,Galactic-Compact-Binary-NS/BH,,-1
J1823-303,"NGC 6624,H 1820-303",275.9195,-30.3608,Galactic-Compact-Binary-NS/BH,1.003683,286.767
J1824+304,"CIZA J1824.1+3029,1RXS J182407.7+302933",276.0325,30.4925,ExtraGalactic-Cluster_of_Galaxies,,-1
J1824-144,XTE J1824-141,276.099,-14.4154,Others,,-1
J1825-000,"H 1822-000,1RXS J182522.1-000038",276.3417,-0.0119,Galactic-Compact-Binary-NS/BH,0.059733,17.067
J1825-371,"4U 1822-371,V691 CrA",276.445,-37.10528,Galactic-Compact-Binary-NS,0.176845,50.527
J1826-148,"LS 5039.,V479 Sct",276.5627,-14.8484,Galactic-Compact-Binary-NS/BH,,-1
J1828-106,"SAX J1828.5-1037,USNO-A2.0 0750-13265703",277.1415,-10.6165,Others,-0.002615,-0.747
J1829-237,"GS 1826-238,V4634 Sgr",277.3675,-23.7969,Galactic-Compact-Binary-NS,0.541238,154.639
J1833-085,SGR 1833-0832,278.4352,-8.5188,Galactic-Compact-Isolated,-0.009479,-2.708
J1833-210,"PKS 1830-21,PKS 1830-211",278.4162,-21.061,ExtraGalactic-AGN,,-1
J1835+326,3C 382,278.7641,32.6964,ExtraGalactic-AGN,0.011179,3.194
J1835-329,"RX J1832-33,XB 1832-330",278.9338,-32.9914,Galactic-Compact-Binary-NS/BH,0.032651,9.329
J1839+050,"Ser X-1,MM Ser",279.9896,5.0358,Galactic-Compact-Binary-NS/BH,0.899846,257.099
J1841-049,"1E 1841-045,PSR J1841-0456,Kes 73",280.3306,-4.9364,Galactic-Compact-Isolated,0.064985,18.567
J1842+797,3C 390.3,280.5375,79.7714,ExtraGalactic-AGN,0.027054,7.73
J1842-114,Swift J1842.5-1124,280.5722,-11.4168,Galactic-Compact-Binary-BH,-0.015904,-4.544
J1844-029,"AX J1844.8-0258,AX J1845-0258",281.2208,-2.9333,Galactic-Compact-Binary-NS/BH,,-1
J1845+008,"GS 1843+00,b 336",281.4125,0.8917,Galactic-Compact-Binary-Pulsar,0.006245,1.784
J1846-029,"AX J1846.4-0258,PSR J1846-0258",281.6021,-2.9744,Galactic-Compact-Isolated,,-1
J1848+005,V603 Aql,282.2277,0.5841,Galactic-Compact-Binary-WD,,-1
J1853-087,"4U 1850-086,H 1850-087",283.2702,-8.7057,Galactic-Compact-Binary-NS/BH,0.008732,2.495
J1855-026,XTE J1855-026,283.8767,-2.6047,Galactic-Compact-Binary-Pulsar,-0.078244,-22.355
J1855-311,V1223 Sgr,283.7593,-31.1635,Galactic-Compact-Binary-WD,0.343232,98.066
J1858+226,"XTE J1859+226,SAXWFC J1858.7+2240.0",284.6787,22.6659,Galactic-Compact-Binary-NS/BH,-0.01586,-4.531
J1900-249,HETE J1900.1-2455,285.036,-24.9205,Galactic-Compact-Binary-NS/BH,0.005402,1.543
J1901+014,XTE J1901+014,285.4174,1.4536,Galactic-Compact-Binary-NS/BH,0.011181,3.195
J1903+031,4U 1901+03,285.9046,3.1919,Galactic-Compact-Binary-Pulsar,0.001175,0.336
J1909+098,"4U 1907+09,H 1907+097",287.407917,9.830278,Galactic-Compact-Binary-NS/BH,0.090866,25.962
J1910+075,"4U 1909+07,4U 1908+075,SAXWFC J1910.8+0735.6",287.7,7.5961,Galactic-Compact-Binary-NS/BH,0.075299,21.514
J1911+005,"Aql X-1,V1333 Aql",287.8167,0.585,Galactic-Compact-Binary-NS,0.024146,6.899
J1911+049,"SS 433,V1343 Aql",287.9565,4.9827,Galactic-Compact-Binary-NS/BH,0.062654,17.901
J1914+098,IGR J19140+0951,288.5176,9.8829,Galactic-Compact-Binary-NS/BH,,-1
J1915+109,"GRS 1915+105,V1487 Aql",288.7983,10.9456,Galactic-Compact-Binary-BH,0.100491,28.712
J1915-241,HD179949,288.8884,-24.1794,Galactic-Star,,-1
J1918-052,"4U 1916-053,V1405 Aql",289.6991,-5.2364,Galactic-Compact-Binary-NS,0.022652,6.472
J1920+439,Abell 2319,290.1888,43.9619,ExtraGalactic-Cluster_of_Galaxies,,-1
J1921-586,ESO 141-55,290.3092,-58.6708,ExtraGalactic-AGN,-0.027603,-7.887
J1924+502,CH Cyg,291.1383,50.2442,Galactic-Compact-Binary-WD,,-1
J1924-292,"1ES 1921-293,HB89 1921-293",291.2127,-29.2417,ExtraGalactic-AGN,,-1
J1937-062,"1H 1934-063,2MASX J19373299-0613046",294.3876,-6.218,ExtraGalactic-AGN,0.088141,25.183
J1942-103,NGC 6814 with V1432 Aql,295.6683,-10.3233,Unknown,0.015495,4.427
J1945+273,"XTE J1946+274,SAXWFC J1945.7+2721.4",296.4167,27.3561,Galactic-Compact-Binary-Pulsar,-0.016774,-4.793
J1949+302,"KS 1947+300,b 367",297.3983,30.2086,Galactic-Compact-Binary-Pulsar,0.033349,9.528
J1955+320,"4U 1954+319,1RXS J195541.5+320546",298.9261,32.0969,Galactic-Compact-Binary-Pulsar,0.07516,21.474
J1958+352,"Cyg X-1,V1357 Cyg",299.5903,35.2016,Galactic-Compact-Binary-BH,2.078109,593.745
J1959+117,"4U 1957+115,V1408 Aql",299.8508,11.7097,Galactic-Compact-Binary-BH,0.069742,19.926
J1959+407,Cyg A,299.8682,40.7339,ExtraGalactic-AGN,0.009879,2.823
J1959+651,"1ES 1959+650,QSO B1959+650,2MASX J19595975+6508547",299.9994,65.1485,ExtraGalactic-AGN,0.021747,6.213
J2002+252,GS 2000+251,300.7066,25.2365,Galactic-Compact-Binary-BH,0.018315,5.233
J2009-488,"PKS 2005-489,HB89 2005-489",302.3557942,-48.8315889,ExtraGalactic-AGN,,-1
J2012-568,Abell 3667,303.13,-56.83,ExtraGalactic-Cluster_of_Galaxies,0.026184,7.481
J2023+318,4C 31.56,305.8292,31.884,ExtraGalactic-AGN,,-1
J2024+338,"V404 Cyg,GS 2023+338",306.0158,33.8676,Galactic-Compact-Binary-BH,0.007801,2.229
J2032+376,"EXO 2030+375,V2246 Cyg",308.0633,37.6375,Galactic-Compact-Binary-Pulsar,0.012398,3.542
J2032+409,"Cyg X-3,V1521 Cyg",308.1077,40.9577,Galactic-Compact-Binary-BH,0.42312,120.891
J2042+751,4C +74.26,310.6549,75.134,ExtraGalactic-AGN,-0.036462,-10.418
J2044-107,Mrk 509,311.0407,-10.7235,ExtraGalactic-AGN,0.08283,23.666
J2051+306,Cyg Loop,312.775,30.6833,Galactic-SNR,-0.012854,-3.673
J2058+417,"GRO J2058+42,SAXWFC J2058.8+4147.6",314.6892,41.7936,Galactic-Compact-Binary-Pulsar,-0.011621,-3.32
J2102+457,V407 Cyg,315.5409,45.7758,Galactic-Compact-Binary-WD,0.037158,10.617
J2103+457,SAX J2103.5+4545,315.8988,45.7515,Galactic-Compact-Binary-Pulsar,-0.022256,-6.359
J2124+511,4C 50.55,321.0792,51.1131,ExtraGalactic-AGN,-0.055668,-15.905
J2129+121,"M 15,4U 2127+119",322.4932,12.1668,Galactic-Compact-Binary-NS,0.01635,4.671
J2131-121,HB89 2128-123,322.8969,-12.118,ExtraGalactic-AGN,,-1
J2138+263,1RXS J213807.1+261958,324.53,26.3328,Galactic-Compact-Binary-WD,,-1
J2139+569,"Cep X-4,V490 Cep",324.878,56.9861,Galactic-Compact-Binary-Pulsar,0.027062,7.732
J2142+435,SS Cyg,325.6784,43.5861,Galactic-Compact-Binary-WD,0.031006,8.859
J2144+383,Cyg X-2,326.1717,38.3217,Galactic-Compact-Binary-NS/BH,1.065736,304.496
J2158-302,"PKS 2155-304,HB89 2155-304",329.7169,-30.2256,ExtraGalactic-AGN,0.003568,1.019
J2202+422,BL Lac,330.6804,42.2778,ExtraGalactic-AGN,,-1
J2207+545,"4U 2206+543,1RXS J220755.4+543111",331.9808,54.5197,Galactic-Compact-Binary-Pulsar,0.208397,59.542
J2208+457,AR Lac,332.1701,45.7423,Galactic-Star,,-1
J2212+239,PKS 2209+236,333.0249,23.9279,ExtraGalactic-AGN,,-1
J2217-083,FO Aqr,334.48,-8.351,Galactic-Compact-Binary-WD,0.09905,28.3
J2224+543,SAX J2224.9+5421,336.2167,54.365,Others,,-1
J2225-049,3C 446,336.4469,-4.9504,ExtraGalactic-AGN,,-1
J2232+117,"CTA 102,HB89 2230+114",338.1517,11.7308,Galactic-Compact-Binary-NS/BH,,-1
J2242+297,"Ark 564,MCG +05-53-012",340.6645,29.725,ExtraGalactic-AGN,0.02636,7.531
J2250-281,PMN J2250-2806,342.6852,-28.1098,Others,,-1
J2253+161,3C 454.3,343.4906,16.1482,ExtraGalactic-AGN,0.005093,1.455
J2254-175,MR 2251-178,343.5242,-17.5819,ExtraGalactic-AGN,0.055165,15.761
J2255-031,AO Psc,343.825,-3.1778,Galactic-Compact-Binary-WD,-0.051676,-14.765
J2301+588,"2E 2259.0+5836,1RXS J230109.7+585242",345.2904,58.8783,Galactic-Compact-Binary-NS/BH,,-1
J2304-086,Mrk 926,346.1812,-8.6857,ExtraGalactic-AGN,-0.038118,-10.891
J2313+026,"SZ Psc,HD219113",348.349,2.6756,Galactic-Star,0.018116,5.176
J2323+421,1ES 2321+419,350.9688,42.1819,ExtraGalactic-AGN,-0.012929,-3.694
J2323+588,"Cas A,SNR G111.7-02.1",350.85,58.815,Galactic-SNR,0.122684,35.053
J2347+517,"1ES 2344+514,2MASX J23470479+5142179",356.7702,51.705,ExtraGalactic-AGN,,-1
J2347-282,Abell 4038,356.8796,-28.2028,ExtraGalactic-Cluster_of_Galaxies,,-1
J2355+286,II Peg,358.7669,28.6337,Galactic-Star,0.028865,8.247
J1725-329,IGR J17254-3257,261.3563,-32.9547,Galactic-Compact-Binary-NS,,-1
J0028+592,V709 Cas,7.2035,59.2894,Galactic-Compact-Binary-WD,0.014513,4.147
J0258+135,Abell 401,44.7371,13.5822,ExtraGalactic-Cluster_of_Galaxies,0.009437,2.696
J0053-724,SXP46.6,13.4771,-72.4456,Galactic-Compact-Binary-Pulsar,,-1
J0209+524,LEDA 138501,32.4058,52.4443,ExtraGalactic-AGN,0.014377,4.108
J0525+348,V582 Aur,81.4667,34.8751,Galactic-Compact-Binary-WD,,-1
J0531-670,Nova LMC 2009-2,82.8667,-67.0939,Galactic-Compact-Binary-WD,,-1
J0540-666,Nova LMC 2009-1,85.175,-66.6667,Galactic-Compact-Binary-WD,,-1
J0837-428,"GS 0836-429,4U 0836-42",129.3458,-42.8867,Galactic-Compact-Binary-NS,,-1
J0955+690,M 81,148.8882,69.0653,ExtraGalactic-AGN,,-1
J1331-639,V1213 Cen,202.8167,-63.96,Galactic-Compact-Binary-WD,,-1
J1408-619,MAXI J1409-619,212.01068,-61.9834,Galactic-Compact-Binary-Pulsar,-0.015413,-4.404
J1452-598,SAX J1452.8-5949,223.2054,-59.8217,Galactic-Compact-Binary-Pulsar,,-1
J1632+055,Abell 2204,248.1904,5.5786,ExtraGalactic-Cluster_of_Galaxies,,-1
J1649-438,IGR J16493-4348,252.3623,-43.8192,Galactic-Compact-Binary-Pulsar,,-1
J1655-380,V1311 Sco,253.8048,-38.063,Galactic-Compact-Binary-WD,,-1
J1659-152,MAXI J1659-152,254.757,-15.2579,Galactic-Compact-Binary-BH,0.035526,10.15
J1706-372,V1310 Sco,256.5314,-37.2409,Galactic-Compact-Binary-WD,,-1
J1739-216,V2673 Oph,264.9204,-21.664,Galactic-Compact-Binary-WD,,-1
J1744-260,V5581 Sgr,266.0353,-26.0965,Galactic-Compact-Binary-WD,,-1
J1745-200,V5582 Sgr,266.2725,-20.056,Galactic-Compact-Binary-WD,,-1
J1753-282,V5586 Sgr,268.2625,-28.2054,Galactic-Compact-Binary-WD,,-1
J1807-337,V5583 Sgr,271.782,-33.7761,Galactic-Compact-Binary-WD,,-1
J1831-163,V5584 Sgr,277.8866,-16.3188,Galactic-Compact-Binary-WD,,-1
J1843-076,V496 Sct,280.9402,-7.6115,Galactic-Compact-Binary-WD,,-1
J1847-037,V1723 Aql,281.9099,-3.7872,Galactic-Compact-Binary-WD,,-1
J1858+034,XTE J1858+034,284.6875,3.431667,Galactic-Compact-Binary-Pulsar,-0.003317,-0.948
J1914+152,V1722 Aql,288.5405,15.2763,Galactic-Compact-Binary-WD,,-1
J2058+438,"V2493 Cyg,LkHA 188 G4",314.571,43.8954,Galactic-Star,,-1
J1227-488,XSS J12270-4859,186.9954167,-48.89555556,Unknown,0.040505,11.573
J0556-331,MAXI J0556-332,89.193,-33.17451,Galactic-Compact-Binary-NS,-0.012353,-3.529
J2331+199,EQ Peg,352.9674,19.9373,Galactic-Star,0.011973,3.421
J1843-037,Swift J1843.5-0343,280.899,-3.7296,Galactic-Compact-Binary-Pulsar,0.032626,9.322
J1357-095,Swift J1357.2-0933,209.32,-9.544,Unknown,0.008953,2.558
J2041-324,AT Mic,310.4632,-32.4352,Galactic-Star,-0.04136,-11.817
J1517-243,"AP Lib,PKS B1514-241",229.4242,-24.3721,ExtraGalactic-AGN,-0.020627,-5.893
J0744+035,YZ CMi,116.1674,3.5525,Galactic-Star,0.080745,23.07
J1747-235,V5587 Sgr,266.943,-23.587,Galactic-Compact-Binary-WD,,-1
J1747-288,"SAX J1747.0-2853,1A 1743-288",266.7608,-28.883,Galactic-Compact-Binary-NS,0.341077,97.451
J1644+575,Swift J164449.3+573451,251.20787,57.58334,Unknown,-0.018663,-5.332
J1848-031,IGR J18483-0311,282.070833,-3.171667,Galactic-Compact-Binary-Pulsar,0.076388,21.825
J1543-564,MAXI J1543-564,235.822833,-56.413583,Galactic-Compact-Binary-BH,-0.000172,-0.049
J2058+052,Swift J2058.4+0516,314.58272,5.22583,Unknown,0.044893,12.827
J1329+471,M 51,202.4696,47.1953,ExtraGalactic-Galaxy,-0.074751,-21.357
J1810-230,V5588 Sgr,272.589,-23.0918,Galactic-Compact-Binary-WD,,-1
J1655-386,V1312 Sco,253.7894,-38.6346,Galactic-Compact-Binary-WD,,-1
J1841-055,"IGR J18410-0535,AX1841.0-0536",280.2518,-5.5963,Galactic-Compact-Binary-NS/BH,0.041934,11.981
J1111-826,Swift J1112.2-8238,167.94718,-82.64561,Galactic-Compact-Binary-NS/BH,0.060033,17.152
J1619-281,"IGR J16194-2810,1RXS J161933.6-280736,Swift J1619.4-2808",244.889,-28.1277,Galactic-Compact-Binary-NS,-0.053081,-15.166
J1822-160,Swift J1822.3-1606,275.5763,-16.0742,Galactic-Compact-Binary-NS/BH,0.022644,6.47
J1834-087,"Swift J1834.9-0846,SGR 1834.9-0846",278.71751,-8.76597,Galactic-Compact-Isolated,-0.003401,-0.972
J1922-172,Swift J1922.7-1716,290.654167,-17.284167,Galactic-Compact-Binary-NS/BH,-0.012001,-3.429
J1454-550,"PR Lupi,Nova Lupi 2011",223.5833,-55.0842,Galactic-Compact-Binary-WD,,-1
J1835-193,MAXI J1836-194,278.93097,-19.32004,Galactic-Compact-Binary-BH,0.002836,0.81
J1636-415,Nova Sco 2011 No.2,249.1845,-41.5438,Galactic-Compact-Binary-WD,,-1
J0418+575,SGR 0418+5729,64.641113,57.539697,Galactic-Compact-Isolated,-0.23947,-68.42
J0136+661,IGR J01363+6610,24.0583,66.1917,Galactic-Compact-Binary-Pulsar,,-1
J0147+613,RX J0146.9+6121,26.7509,61.3566,Galactic-Compact-Binary-Pulsar,,-1
J0158+672,IGR J01583+6713,29.5758,67.2239,Galactic-Compact-Binary-Pulsar,,-1
J0522+376,EXO 051910+3737.7,80.6468,37.676,Galactic-Compact-Binary-Pulsar,,-1
J0555+287,4U 0548+29,88.9779,28.785,Galactic-Compact-Binary-Pulsar,,-1
J0607+220,IGR J06074+2205,91.8609,22.0966,Galactic-Compact-Binary-Pulsar,0.018683,5.338
J0159-742,MAXI J0158-744,29.8565,-74.2579,Galactic-Compact-Binary-WD,0.001606,0.459
J0728-261,4U 0728-25,112.2232,-26.108,Galactic-Compact-Binary-Pulsar,0.010649,3.043
J0234-437,CC Eri,38.594029,-43.796355,Galactic-Star,0.023736,6.782
J0555+074,Betelgeuse,88.7929,7.4071,Galactic-Star,-0.007434,-2.124
J1629-264,Antares,247.3519,-26.432,Galactic-Star,0.109236,31.21
J1325-111,Spica,201.2982,-11.1613,Galactic-Star,0.010253,2.929
J1043+117,M 95,160.9906,11.7036,ExtraGalactic-Galaxy,0.065478,18.708
J0819+707,UGC 4305,124.7707,70.72,Galactic-Compact-Binary-BH,0.010113,2.889
J1306-704,MAXI J1305-704,196.73065,-70.45139,Galactic-Compact-Binary-BH,0.043391,12.397
J1342-200,MAXI J1342-200,205.715,-20.07,Unknown,,-1
J1910-057,"MAXI J1910-057,Swift J1910.2-0546",287.576,-5.785,Galactic-Compact-Binary-BH,0.007979,2.28
J1013-450,GRS 1009-45,153.40125,-45.07527,Galactic-Compact-Binary-BH,,-1
J2123-057,XTE J2123-058,320.81058,-5.798027,Galactic-Compact-Binary-NS,,-1
J1719-283,IGR J17191-2821,259.8083,-28.3267,Galactic-Compact-Binary-NS,0.03733,10.666
J1647-227,MAXI J1647-227,251.96,-22.75,Galactic-Compact-Binary-NS,-0.087114,-24.89
J1807-228,MAXI J1807-228,271.96,-22.8,Unknown,,-1
J1144-611,IGR J11435-6109,176.0013,-61.1268,Galactic-Compact-Binary-Pulsar,,-1
J1550-543,1E 1547.0-5408,237.725458,-54.306583,Galactic-Compact-Isolated,0.087426,24.979
J1838-654,ESO 103-035,279.5848,-65.4275,ExtraGalactic-AGN,-0.030964,-8.847
J2136-624,1RXS J213623.1-622400,324.0964,-62.4002,ExtraGalactic-AGN,0.002485,0.71
J2202-318,NGC 7172,330.5079,-31.8699,ExtraGalactic-AGN,0.00526,1.503
J2213-243,ESO 533-2,333.4435,-24.3368,ExtraGalactic-AGN,-0.245219,-70.063
J0123-588,Fairall 9,20.9406,-58.8057,ExtraGalactic-AGN,-0.003205,-0.916
J1338+045,NGC 5252,204.5661,4.5425,ExtraGalactic-AGN,-0.072503,-20.715
J2303+088,NGC 7469,345.8153,8.8737,ExtraGalactic-AGN,-0.077314,-22.09
J0034-790,2MASX J00341665-7905204,8.5694,-79.089,ExtraGalactic-AGN,0.007688,2.197
J0048+319,Mrk 348,12.1964,31.957,ExtraGalactic-AGN,0.026487,7.568
J1836-594,Fairall 49,279.2427,-59.4023,ExtraGalactic-AGN,0.068467,19.562
J0300-108,MCG -02-08-038,45.0179,-10.8246,ExtraGalactic-AGN,0.032617,9.319
J1145-184,2MASX J11454045-1827149,176.4186,-18.4542,ExtraGalactic-AGN,0.021291,6.083
J0920-080,MCG -01-24-012,140.1927,-8.0562,ExtraGalactic-AGN,0.046203,13.201
J0342-212,ESO 548-81,55.5155,-21.2444,ExtraGalactic-AGN,-0.019566,-5.59
J0959-312,2MASX J09594263-3112581,149.9276,-31.2162,ExtraGalactic-AGN,-0.008359,-2.388
J1548-137,NGC 5995,237.1038,-13.7576,ExtraGalactic-AGN,-0.044605,-12.744
J2008-610,NGC 6860,302.195,-61.0999,ExtraGalactic-AGN,0.003258,0.931
J0228+313,NGC 931,37.0603,31.3115,ExtraGalactic-AGN,0.033397,9.542
J0426-572,1H 0419-577,66.503,-57.2005,ExtraGalactic-AGN,-0.003511,-1.003
J0234+325,NGC 973,38.5838,32.5056,ExtraGalactic-AGN,0.017754,5.073
J2138+320,2MASX J21383340+3205060,324.6392,32.085,ExtraGalactic-AGN,0.001099,0.314
J0333-361,NGC 1365,53.4017,-36.14,ExtraGalactic-AGN,0.041676,11.907
J2318+002,NGC 7603,349.736,0.2438,ExtraGalactic-AGN,0.013781,3.937
J0123-350,NGC 526A,20.9765,-35.0654,ExtraGalactic-AGN,,-1
J1410-424,2MASX J14104482-4228325,212.6868,-42.4757,ExtraGalactic-AGN,-0.034745,-9.927
J0051+174,Mrk 1148,12.9783,17.4331,ExtraGalactic-AGN,0.038577,11.022
J2318-423,NGC 7582,349.5984,-42.3706,ExtraGalactic-AGN,-0.02978,-8.509
J0451-038,MCG -01-13-025,72.9229,-3.8093,ExtraGalactic-AGN,0.048284,13.795
J0438-107,MCG -02-12-050,69.5591,-10.796,ExtraGalactic-AGN,0.031775,9.079
J1751+096,"4C 09.57,OT 081",267.8867,9.6502,ExtraGalactic-AGN,-0.020838,-5.954
J2242+447,Agl J2241+4454,340.7388,44.7217,Galactic-Compact-Binary-NS,0.022969,6.563
J1745-264,Swift J1745.1-2624,266.29421,-26.404,Galactic-Compact-Binary-BH,,-1
J1449-555,2MFGC 12018,222.3179,-55.5894,ExtraGalactic-AGN,,-1
J1747-299,SLX 1744-299,266.8579,-29.9994,Galactic-Compact-Isolated,,-1
J1824-248,AX J1824.5-2451,276.125,-24.85,Galactic-Compact-Binary-NS,0.000965,0.276
J1753-257,Swift J1753.7-2544,268.429,-25.742,Galactic-Compact-Binary-BH,,-1
J1741-657,Swift J1741.5-6548,265.35046,-65.79094,Galactic-Compact-Binary-NS,0.000261,0.075
J1824-248,"M 28,IGR J18245-2452",276.137,-24.8698,Galactic-Compact-Binary-NS,0.000965,0.276
J1344-613,V851 Cen,206.0039,-61.3664,Galactic-Star,,-1
J0917+017,GRB130505B,139.34124,1.70085,Unknown,0.464717,132.776
J1807+197,"HD 347929,1RXS J180724.2+194217",271.8505,19.7064,Galactic-Star,-0.004467,-1.276
J1929+182,"IGR J19294+1816,Swift J1929.8+1821",292.35,18.2667,Galactic-Compact-Binary-Pulsar,0.026375,7.536
J0627-543,Abell 3395,96.8796,-54.3994,ExtraGalactic-Cluster_of_Galaxies,0.016321,4.663
J0835-040,NGC 2617,128.9116,-4.0881,ExtraGalactic-AGN,0.032494,9.284
J1940-104,V1432 Aql,295.0476,-10.4238,Galactic-Compact-Binary-WD,,-1
J0542+608,BY Cam,85.7033,60.8587,Galactic-Compact-Binary-WD,-0.031382,-8.966
J1807+058,V426 Oph,271.9654,5.8633,Galactic-Compact-Binary-WD,0.01357,3.877
J2151+141,LS Peg,327.9914,14.1148,Galactic-Compact-Binary-WD,0.011236,3.21
J2214+127,RU Peg,333.5106,12.7031,Galactic-Compact-Binary-WD,0.046023,13.149
J0037+613,"IGR J00370+6122,BD +60 73",9.2901,61.3601,Galactic-Compact-Binary-NS,0.027641,7.897
J1451-556,IGR J14515-5542,222.8882,-55.6775,ExtraGalactic-AGN,,-1
J0053-746,CF Tuc,13.2824,-74.6516,Galactic-Star,,-1
J0550-682,Swift J0549.7-6812,87.52694,-68.24881,Galactic-Compact-Binary-Pulsar,-0.011356,-3.245
J1828-250,MAXI J1828-249,277.2427,-25.0304,Galactic-Compact-Binary-BH,0.022294,6.37
J1908+093,XTE J1908+094,287.2212,9.3847,Galactic-Compact-Binary-BH,0.055006,15.716
J1734-304,MAXI J1735-304,263.6133,-30.4539,Galactic-Compact-Binary-NS,0.261333,74.667
J1611-606,"2MASX J16115141-6037549,WKK98 6092",242.9642,-60.6319,ExtraGalactic-AGN,0.050355,14.387
J1023+006,PSR J1023+0038,155.9487,0.6448,Galactic-Compact-Binary-NS,-0.061916,-17.69
J1725-362,"EXO 1722-363,IGR J17252-3616",261.2975,-36.2831,Galactic-Compact-Binary-Pulsar,0.033755,9.644
J1421-616,MAXI J1421-613,215.405,-61.607,Galactic-Compact-Binary-NS,0.029802,8.515
J0520-695,RX J0520.5-6932,80.1288,-69.5319,Galactic-Compact-Binary-Pulsar,0.00259,0.74
J0121-729,"IGR J01217-7257,MA93 1888",20.4192,-72.9586,Galactic-Compact-Binary-Pulsar,,-1
J0057-720,"MAXI J0057-720,AX J0058-7203,RX J0057.8-7202",14.4565,-72.0434,Galactic-Compact-Binary-Pulsar,0.02009,5.74
J1931+096,"2FGL J1931.1+0938,1RXSJ193109.5+093714",292.79083,9.61778,ExtraGalactic-AGN,0.037104,10.601
J2359-306,QSO B2356-309,359.7831,-30.628,ExtraGalactic-AGN,0.02082,5.949
J0006+202,Mrk 335,1.5816,20.2029,ExtraGalactic-AGN,-0.009499,-2.714
J1933+091,MAXI J1932+091,293.29334,9.19473,Galactic-Compact-Binary-NS/BH,0.01439,4.111
J1619-382,MAXI J1619-383,244.767,-38.226,Unknown,-0.032075,-9.164
J1804-343,1RXS J180408.9-342058,271.0379,-34.3494,Galactic-Compact-Binary-NS,0.08218,23.48
J1859+082,XTE J1859+083,284.76,8.2325,Galactic-Compact-Binary-Pulsar,0.015405,4.401
J0511-522,MAXI J0511-522,77.752,-52.204,Unknown,-0.007178,-2.051
J1848-024,"GS 1843-02,4U 1850-03",282.0738,-2.4203,Galactic-Compact-Binary-Pulsar,0.124374,35.535
J1956+034,MAXI J1957+032,299.16295,3.44546,Galactic-Compact-Binary-NS,-0.003505,-1.001
J0755+220,U Gem,118.77183,22.00142,Galactic-Compact-Binary-WD,0.002775,0.793
J0613+477,SS Aur,93.34346,47.74039,Galactic-Compact-Binary-WD,0.181197,51.771
J0836+534,SW UMa,129.17817,53.47719,Galactic-Compact-Binary-WD,0.024883,7.109
J0853+578,BZ UMa,133.434042,57.811292,Galactic-Compact-Binary-WD,-0.097165,-27.761
J2112-088,VY Aqr,318.03858,-8.82689,Galactic-Compact-Binary-WD,0.052465,14.99
J0812+626,SU UMa,123.11775,62.60625,Galactic-Compact-Binary-WD,0.007672,2.192
J1055+369,EL UMa,163.7792,36.9964,Galactic-Compact-Binary-WD,0.017304,4.944
J0011-114,WW Cet,2.85325,-11.47864,Galactic-Compact-Binary-WD,-0.001954,-0.558
J1138+033,"T Leo,QZ Vir",174.61175,3.36861,Galactic-Compact-Binary-WD,0.060909,17.403
J0751+147,PQ Gem,117.8222,14.73996,Galactic-Compact-Binary-WD,0.004134,1.181
J1501-026,MAXI J1501-026,225.368,-2.603,Unknown,-0.013345,-3.813
J0139-179,UV Cet,24.75642,-17.95011,Galactic-Star,-0.008056,-2.302
J1714-130,MAXI J1714-130,258.585,-13.06,Unknown,0.108006,30.859
J0054-736,"SMC X-2,MAXI J0051-736",13.6508,-73.6764,Galactic-Compact-Binary-Pulsar,-0.002488,-0.711
J0912-648,"MAXI J0911-655,Swift J0911.9-6452",138.0118,-64.8673,Galactic-Compact-Binary-NS,0.016917,4.833
J1934+218,SGR 1935+2154,293.732,21.89672,Galactic-Compact-Isolated,-0.041379,-11.823
J0157-729,"IGR J01572-7259,SXP 11.6",29.31729,-72.97572,Galactic-Compact-Binary-Pulsar,,-1
J0945-143,NGC 2992,146.425187,-14.326361,ExtraGalactic-AGN,0.0061,1.743
J0637+146,MAXI J0636+146,99.35075,14.63145,Unknown,0.02372,6.777
J2306-050,"TRAPPIST-1,2MASS J23062928-0502285",346.62233,-5.04144,Galactic-Star,0.011159,3.188
J1732-275,IGR J17329-2731,263.20952,-27.50135,Unknown,,-1
J1817-167,Swift J181723.1-164300,274.34646,-16.71671,Galactic-Compact-Binary-NS,,-1
J1808+132,MAXI J1807+132,272.03153,13.25127,Unknown,0.011816,3.376
J1535-572,MAXI J1535-571,233.83222,-57.23004,Galactic-Compact-Binary-BH,0.025742,7.355
J1544-068,"Fermi J1544-0649,ASASSN-17gs",236.082,-6.8209,Unknown,,-1
J1659-371,IGR J16597-3704,254.8871,-37.1206,Galactic-Compact-Binary-NS,,-1
J0243+614,Swift J0243.6+6124,40.918437,61.434377,Galactic-Compact-Binary-NS,0.00006,0.017
J1620-500,MAXI J1621-501,245.0917,-50.0199,Galactic-Compact-Binary-NS,0.053716,15.347
J1630-276,MAXI J1630-276,247.682,-27.607,Unknown,-0.061,-17.429
J0122+074,"AR Psc,HD 8357,1H 0123+075",20.736487,7.41926,Galactic-Star,-0.026708,-7.631
J1658-426,Swift J1658.2-4242,254.55266,-42.69845,Galactic-Compact-Binary-BH,-0.003162,-0.903
J1813-095,MAXI J1813-095,273.3917,-9.5331,Galactic-Compact-Binary-BH,-0.010174,-2.907
J1820+071,MAXI J1820+070,275.09138,7.1853,Galactic-Compact-Binary-BH,0.006845,1.956
J1309-233,NGC 4993,197.4467,-23.3844,ExtraGalactic-Galaxy,,-1
J1728-203,MAXI J1727-203,262.12466,-20.3823,Galactic-Compact-Binary-BH,0.101057,28.873
J1616+222,AT 2018cow,244.0009,22.268,Unknown,,-1
J0050+248,FT Psc,12.6385,24.8167,Galactic-Star,,-1
J1858-082,Swift J1858.6-0814,284.6454,-8.2375,Galactic-Compact-Binary-NS/BH,-0.007837,-2.239
J1812-223,MAXI J1810-222,273.1226,-22.3274,Unknown,0.025801,7.372
J1631-478,MAXI J1631-479,247.806,-47.805,Galactic-Compact-Binary-BH,0.675174,192.907
J1348-632,MAXI J1348-630,207.05305,-63.27411,Galactic-Compact-Binary-BH,-0.001702,-0.486
J1728-362,Swift J1728.9-3613,262.232,-36.237,Galactic-Compact-Binary-BH,0.024187,6.911
J1739-297,"GRS 1736-297,RX J1739.4-2942",264.8745,-29.703,Galactic-Compact-Binary-NS/BH,,-1
J0419+559,"CI Cam,XTE J0421+560",64.925564,55.999363,Galactic-Compact-Binary-BH,-0.016532,-4.723
J0636-428,MAXI J0637-430,99.09828,-42.8678,Galactic-Compact-Binary-BH,0.045174,12.907
J0209-744,"RX J0209.6-7427,MAXI J0206-749",32.39102,-74.45348,Galactic-Compact-Binary-Pulsar,0.001518,0.434
J2131+472,4U 2129+47,322.85922,47.29014,Galactic-Compact-Binary-NS,-0.004014,-1.147
J2134+476,IGR J21347+4737,323.583,47.63,Galactic-Compact-Binary-NS,-0.020922,-5.978
J0840-352,Swift J0840.7-3516,130.17006,-35.27366,Unknown,-0.015717,-4.491
J1818-161,Swift J1818.0-1607,274.501,-16.131,Galactic-Compact-Isolated,,-1
J0435+553,AT 2019wey,68.847,55.376181,Unknown,0.124193,35.484
J1848-014,"MAXI J1848-015,AX J1848.8-0129",282.2075,-1.497,Galactic-Compact-Binary-NS/BH,0.19943,56.98
J0905-535,MAXI J0903-531,136.27866,-53.50518,Galactic-Compact-Binary-Pulsar,-0.002023,-0.578
J1803-298,MAXI J1803-298,270.76162,-29.83046,Galactic-Compact-Binary-BH,0.012311,3.517
J1733-220,"4U 1730-22,CXOU J173357.5-220156",263.48979,-22.03247,Galactic-Compact-Binary-NS,-0.04947,-14.134
J1849-238,Ross 154,282.4556894,-23.83623116,Galactic-Star,,-1
J1750-067,RS Oph,267.5548303,-6.707911543,Galactic-Star,-0.0002,-0.057
J0743+288,sigma Gem,115.8280354,28.88350564,Galactic-Star,0.111523,31.864
J0709-160,MAXI J0709-159,107.4040796,-16.0963338,Galactic-Compact-Binary-Pulsar,0.007822,2.235
J1816-196,MAXI J1816-195,274.21838,-19.63249,Galactic-Compact-Binary-NS,0.019323,5.521
J0655-014,MAXI J0655-013,103.8108,-1.4636,Galactic-Compact-Binary-Pulsar,0.04551,13.003
J0550-322,PKS 0548-322,87.66904381,-32.27124576,ExtraGalactic-AGN,-0.035169,-10.048
J1913+198,"GRB 221009A,Swift J1913.1+1946",288.263,19.803,Unknown,0.007039,2.011
J0758-457,MAXI J0758-456,119.652,-45.704,Unknown,0.029421,8.406
J1836-022,MAXI J1834-021,279.0362,-2.2872,Unknown,-0.003441,-0.983
J2321-269,HD 220096,350.31458,-26.98676,Galactic-Star,,-1
J1727-162,Swift J1727.8-1613,261.9305,-16.205222,Unknown,3.270367,934.391
J0010+109,Mrk 1501 _A_,2.6292,10.9749,NA,,-1
J0059+318,Mrk 352 _A_,14.972,31.827,NA,,-1
J0244+624,HB89 0241+622 _A_,41.2404,62.4685,NA,,-1
J0422-562,ESO 157- G 023 _A_,65.6008,-56.226,NA,,-1
J0455-755,ESO 033- G 002 _A_,73.9955,-75.5412,NA,,-1
J0519-326,ESO 362-18 _A_,79.8992,-32.6578,NA,,-1
J0602+284,IRAS 05589+2828 _A_,90.5436,28.4721,NA,,-1
J0759-387,"IGR J07597-3842,2MASS J07594181-3843560 _A_",119.9243,-38.7322,NA,,-1
J1241-578,WKK98 1263 _A_,190.3574,-57.8343,NA,,-1
J1301-639,IGR J13020-6359 _A_,195.4947,-63.9691,NA,,-1
J1306-404,ESO 323-077 _A_,196.6089,-40.4146,NA,,-1
J1548-454,"NY Lup,IGR J15479-4529 _A_",237.0608,-45.4778,NA,,-1
J1628+517,Mrk 1498 _A_,247.0169,51.7754,NA,,-1
J1730-059,"1H 1726-058,1RXS J173021.5-055933 _A_",262.5913,-5.9922,NA,,-1
J1821+643,"1RXS J182157.4+642051,H 1821+643 _A_",275.4884,64.3434,NA,,-1
J1833-105,SNR G21.5-00.9 _A_,278.3901,-10.5688,NA,,-1
J1838-069,PSR J1838-0655 _A_,279.5131,-6.9259,NA,,-1
J1943+213,"SWIFT J1943.5+2120,IGR J19443+2117 _A_",295.9842,21.3064,NA,,-1
J2127+569,"SWIFT J2127.4+5654,IGR J21277+5656 _A_",321.9392,56.943,NA,,-1
J2200+105,Mrk 520 _A_,330.1723,10.5522,NA,,-1
J2235-260,NGC 7314 _A_,338.9425,-26.0504,NA,-0.00049,-0.14
J2259+249,Ka 320 _A_,344.8872,24.9183,NA,,-1
J0543-276,MCG -05-14-012 _A_,85.8873,-27.6514,NA,,-1
J1031-348,NGC 3281 _A_,157.967,-34.8537,NA,,-1
J1857-784,"2MASX J18570768-7828212,HB91 1846-786 _A_",284.2823,-78.4726,NA,,-1
J0838+486,EI UMa _A_,129.5917,48.6339,NA,,-1
J0206+152,TT Ari _A_,31.7212,15.295,NA,,-1
J0117-179,WX CET _A_,19.2674,-17.9397,NA,,-1
J0006+727,4U 0000+72 _A_,1.65,72.78,NA,,-1
J1614-287,"4U 1614-27,V893 Sco _A_",243.5792,-28.7383,NA,,-1
J2051+446,4U 2048+44 _A_,312.8,44.6,NA,,-1
J1652-592,NGC 6221 _A_,253.1931,-59.2169,NA,,-1
J2347+089,4U 2344+08 _A_,356.8,8.9,NA,,-1
J0854-469,4U 0854-44 _A_,133.5,-46.9,NA,,-1
J0502+247,V1062 Tau _A_,75.6145,24.7564,NA,,-1
J1748-361,1A 1744-361,267.0548,-36.1325,Galactic-Compact-Binary-NS,,-1
J0356-742,4U 0357-74 _A_,59.2,-74.2,NA,,-1
J0635-752,PKS 0637-752 _A_,98.9438,-75.2713,NA,,-1
J0300+444,CIZA J0300.7+4427 _A_,45.1875,44.4631,NA,,-1
J1825+304,CIZA J1825.3+3026 _A_,276.345,30.4422,NA,,-1
J1326-271,Abell 1736 _A_,201.7171,-27.1092,NA,,-1
J1358-478,CIZA J1358.9-4750 _A_,209.7371,-47.8386,NA,,-1
J2210-121,Abell 2420 _A_,332.5938,-12.1869,NA,,-1
J1705-015,"UGC 10683,1RXS J170211.0-010118,ZwCl 1703.8-0129 _A_",256.2516,-1.5413,NA,,-1
J0425-085,EXO 0422-086 _A_,66.4626,-8.5607,NA,,-1
J0534-580,TW Pic _A_,83.7108,-58.028,NA,,-1
J2249-643,Abell 3921 _A_,342.4108,-64.3875,NA,,-1
J1712+640,Abell 2255 _A_,258.2085,64.0529,NA,,-1
J1410-427,CIZA J1410.4-4246 _A_,212.6188,-42.7769,NA,,-1
J1601-757,CIZA J1601.7-7544 _A_,240.4446,-75.7461,NA,,-1
J1514-459,CIZA J1514.6-4558 _A_,228.6513,-45.9814,NA,,-1
J1644+041,"1H1626+058,4U1636+05 _A_",251.1417,4.1483,NA,,-1
J0349+635,1H0345+634 _A_,57.442,63.597,NA,,-1
J1311-013,Abell 1689 _A_,197.8729,-1.3411,NA,,-1
J1511-213,IRAS 15091-2107 _A_,227.9992,-21.3171,NA,,-1
J1730-346,SWIFT J1729.9-3437,262.503,-34.64,NA,,-1
J0005-057,BC Psc,1.33,-5.71,Galactic-Star,,-1
J0006-231,HR 9,1.71,-23.11,Galactic-Star,,-1
J0013-746,HD 987,3.47,-74.69,Galactic-Star,,-1
J0018-634,HD 1466,4.61,-63.48,Galactic-Star,,-1
J0022-092,BD Cet,5.69,-9.23,Galactic-Star,,-1
J0024-621,HIP 1910,6.04,-62.19,Galactic-Star,,-1
J0025-615,CT Tuc,6.31,-61.51,Galactic-Star,,-1
J0034-619,HD 3221,8.71,-61.92,Galactic-Star,,-1
J0035-035,HD3196,8.81,-3.59,Galactic-Star,,-1
J0045-516,GJ 3054,11.37,-51.63,Galactic-Star,,-1
J0047+242,Zeta And (EB),11.83,24.27,Galactic-Star,,-1
J0056-518,HD 5578,14.23,-51.88,Galactic-Star,,-1
J0116+068,UV Psc,19.23,6.81,Galactic-Star,,-1
J0122+007,BI Cet,20.71,0.71,Galactic-Star,,-1
J0122-567,BC Phe,20.58,-56.73,Galactic-Star,,-1
J0212+303,Tz Tri,33.09,30.3,Galactic-Star,,-1
J0249-709,CD-71 131,42.46,-70.98,Galactic-Star,,-1
J0310+043,4 Sex,47.63,4.34,Galactic-Star,,-1
J0313+481,LX Per,48.34,48.11,Galactic-Star,,-1
J0337+259,V837 Tau,54.3,25.99,Galactic-Star,,-1
J0342+334,Per OB2,55.55,33.43,Galactic-Star,,-1
J0404+263,L1489 IRS,61.2,26.33,Galactic-Star,,-1
J0409-078,EI Eri,62.42,-7.89,Galactic-Star,,-1
J0417+169,V818Tau,64.41,16.95,Galactic-Star,,-1
J0418+284,V410 Tau,64.63,28.45,Galactic-Star,,-1
J0429+265,DI Tau,67.43,26.55,Galactic-Star,,-1
J0435+241,CoKu Tau 3,68.92,24.19,Galactic-Star,,-1
J0442+253,CoKu LkHa 332 G2,70.52,25.38,Galactic-Star,,-1
J0443-106,RZ Eri,70.94,-10.68,Galactic-Star,,-1
J0500-572,HIP 23309,75.2,-57.26,Galactic-Star,,-1
J0506+590,BM Cam,76.55,59.02,Galactic-Star,,-1
J0507-054,EZ Eri,76.87,-5.41,Galactic-Star,,-1
J0516+460,alpha Aur,79.17,46,Galactic-Star,,-1
J0527-119,AF Lep,81.77,-11.9,Galactic-Star,,-1
J0540-203,TW Lep,85.17,-20.3,Galactic-Star,,-1
J0541+037,V1149 Ori,85.36,3.78,Galactic-Star,,-1
J0547-510,bet Pic,86.82,-51.07,Galactic-Star,,-1
J0552-286,TZ Col,88.07,-28.66,Galactic-Star,,-1
J0553-435,SZ Pic,88.36,-43.56,Galactic-Star,,-1
J0603+313,CQ Aur,90.97,31.33,Galactic-Star,,-1
J0607-063,Mon R2,91.94,-6.38,Galactic-Star,,-1
J0618-720,AO Men,94.62,-72.05,Galactic-Star,,-1
J0630+129,Mon OB1,97.7,12.97,Galactic-Star,,-1
J0631+049,Mon OB2,97.92,4.97,Galactic-Star,,-1
J0631-590,TZ Pic,97.77,-59,Galactic-Star,,-1
J0716+733,SS Cam,109.1,73.33,Galactic-Star,,-1
J0802+572,AE Lyn,120.65,57.27,Galactic-Star,,-1
J0830+022,GK Hya,127.71,2.27,Galactic-Star,,-1
J0837+235,RU Cnc,129.38,23.56,Galactic-Star,,-1
J0841-789,Eta Cha,130.33,-78.96,Galactic-Star,,-1
J0859-278,TY Pyx,134.93,-27.82,Galactic-Star,,-1
J0901+266,WY Cnc,135.48,26.69,Galactic-Star,,-1
J0909+544,XY UMa,137.48,54.49,Galactic-Star,,-1
J0924-238,IL Hya,141.2,-23.83,Galactic-Star,,-1
J0929-445,HD 82241,142.37,-44.53,Galactic-Star,,-1
J0935-358,HR 3823,143.8,-35.82,Galactic-Star,,-1
J0958+088,TYC 829-845-1,149.61,8.85,Galactic-Star,,-1
J0959-226,TYC 6604-118-1,149.79,-22.66,Galactic-Star,,-1
J1006+056,14 Sex,151.7,5.61,Galactic-Star,,-1
J1008-266,TYC 6625-1087-1,152.02,-26.61,Galactic-Star,,-1
J1010-348,TYC 7178-1493-1,152.7,-34.8,Galactic-Star,,-1
J1016-311,TYC 7183-1879-1,154.19,-31.15,Galactic-Star,,-1
J1018-318,TWA 6,154.62,-31.83,Galactic-Star,,-1
J1022-105,BD-09 3055,155.58,-10.54,Galactic-Star,,-1
J1022-325,TYC 7188-0575-1,155.52,-32.56,Galactic-Star,,-1
J1025+111,1E+1022.61121,156.32,11.1,Galactic-Star,,-1
J1032-391,HD 91353,158.04,-39.1,Galactic-Star,,-1
J1042-336,TWA 7,160.63,-33.67,Galactic-Star,,-1
J1043-290,V419 Hya,160.87,-29.06,Galactic-Star,,-1
J1047-223,HD 93528,161.88,-22.35,Galactic-Star,,-1
J1051-090,1E1049.5-0849,162.99,-9.09,Galactic-Star,,-1
J1055+604,DM UMa,163.93,60.47,Galactic-Star,,-1
J1056+073,GY Leo,164.13,7.39,Galactic-Star,,-1
J1101-347,TW Hya,165.47,-34.71,Galactic-Star,,-1
J1107-773,UY Cha,166.75,-77.32,Galactic-Star,,-1
J1109-300,TWA 2,167.31,-30.03,Galactic-Star,,-1
J1122-247,HD 98800,170.52,-24.78,Galactic-Star,,-1
J1127-398,HD 99627,171.87,-39.88,Galactic-Star,,-1
J1131-346,TWA 5,172.98,-34.61,Galactic-Star,,-1
J1139-393,V829 Cen,174.84,-39.39,Galactic-Star,,-1
J1142-358,V752 Cen,175.7,-35.82,Galactic-Star,,-1
J1144-494,V838 Cen,176.16,-49.42,Galactic-Star,,-1
J1147-498,HD 102458,176.85,-49.88,Galactic-Star,,-1
J1148+202,DQ Leo,177,20.22,Galactic-Star,,-1
J1148-374,TWA 9,177.1,-37.48,Galactic-Star,,-1
J1210-491,HD 105690,182.53,-49.18,Galactic-Star,,-1
J1213-409,CD-40 7164,183.28,-40.94,Galactic-Star,,-1
J1215+725,"HR 4665,DK Dra",183.9229,72.5512,Galactic-Star,,-1
J1221-497,TYC 8238-1462-1,185.48,-49.77,Galactic-Star,,-1
J1222+732,AS Dra,185.55,73.25,Galactic-Star,,-1
J1222-486,TYC 8234-2856-1,185.52,-48.69,Galactic-Star,,-1
J1225+255,IL Com,186.26,25.56,Galactic-Star,,-1
J1231-637,Coal Sack,187.83,-63.74,Galactic-Star,,-1
J1236-398,HR 4796,189,-39.87,Galactic-Star,,-1
J1254+559,Eps UMa,193.51,55.96,Galactic-Star,,-1
J1302-766,CM Cha,195.56,-76.63,Galactic-Star,,-1
J1306-048,IS Vir,196.61,-4.85,Galactic-Star,,-1
J1310+359,RS CVn,197.65,35.93,Galactic-Star,,-1
J1321+388,BM CVn,200.38,38.88,Galactic-Star,,-1
J1334+371,HR 5110,203.7,37.18,Galactic-Star,,-1
J1358-016,BH Vir,209.6,-1.66,Galactic-Star,,-1
J1434-604,V841 Cen,218.57,-60.41,Galactic-Star,,-1
J1502-630,Cir Cloud,225.5,-63,Galactic-Star,,-1
J1513+385,SS Boo,228.3855474,38.56821046,Galactic-Star,0.011106,3.173
J1522+256,UV CrB,230.6,25.62,Galactic-Star,,-1
J1523-066,GX Lib,230.86,-6.61,Galactic-Star,,-1
J1527-630,LS TrA,231.94,-63.02,Galactic-Star,,-1
J1538-577,V343 Nor,234.74,-57.71,Galactic-Star,,-1
J1603-381,Lupus Cloud,240.8,-38.1,Galactic-Star,,-1
J1639+607,WW Dra,249.77,60.7,Galactic-Star,,-1
J1721+399,HR 6469  (EB),260.43,39.97,Galactic-Star,,-1
J1732+742,DR Dra,263.17,74.23,Galactic-Star,,-1
J1758+151,Z Her,269.53,15.14,Galactic-Star,,-1
J1758+221,MM Her,269.67,22.15,Galactic-Star,,-1
J1803-516,HD 164249,270.76,-51.65,Galactic-Star,,-1
J1805+214,V772 Her,271.46,21.45,Galactic-Star,,-1
J1806-434,HIC 88726,271.71,-43.43,Galactic-Star,,-1
J1808+296,V815 Her,272.07,29.69,Galactic-Star,,-1
J1810+334,PW Her,272.6,33.4,Galactic-Star,,-1
J1829+012,Serpens,277.45,1.25,Galactic-Star,,-1
J1853-501,PZ Tel,283.28,-50.18,Galactic-Star,,-1
J1901-369,R CrA,285.47,-36.95,Galactic-Star,,-1
J1906-523,rho Tel,286.58,-52.34,Galactic-Star,,-1
J1907+302,V478 Lyr,286.88,30.25,Galactic-Star,,-1
J1908+524,HR 7275,287.11,52.43,Galactic-Star,,-1
J1910-602,HD 178085,287.74,-60.27,Galactic-Star,,-1
J1922-206,V4138 Sgr,290.67,-20.64,Galactic-Star,,-1
J1922-544,Eta Tel,290.71,-54.42,Galactic-Star,,-1
J1923-545,HD 181327,290.75,-54.54,Galactic-Star,,-1
J1932+696,Sigma Dra,293.09,69.66,Galactic-Star,,-1
J1949-618,HD 186602,297.28,-61.82,Galactic-Star,,-1
J2025-567,alf Pav,306.41,-56.74,Galactic-Star,,-1
J2027+373,S106,306.86,37.38,Galactic-Star,,-1
J2029-211,AT Cap,307.4,-21.13,Galactic-Star,,-1
J2035-605,HR 7848,308.9,-60.58,Galactic-Star,,-1
J2036-631,HD 195772,309.16,-63.12,Galactic-Star,,-1
J2037-615,Rho Pav,309.4,-61.53,Galactic-Star,,-1
J2045-313,AU Mic,311.289719,-31.340899,Galactic-Star,,-1
J2058+351,CG Cyg,314.56,35.17,Galactic-Star,,-1
J2102+278,ER Vul   (EB),315.61,27.81,Galactic-Star,,-1
J2107-542,HD 200798,316.96,-54.22,Galactic-Star,,-1
J2119-104,1E2116.7-1042,319.84,-10.49,Galactic-Star,,-1
J2121-669,HD 202746,320.35,-66.92,Galactic-Star,,-1
J2141-140,BY Cap,325.39,-14.05,Galactic-Star,,-1
J2144-609,HIP 107345,326.13,-60.98,Galactic-Star,,-1
J2148-473,HD 207129,327.07,-47.3,Galactic-Star,,-1
J2157-682,HD 208233,329.46,-68.21,Galactic-Star,,-1
J2201+438,RT Lac,330.38,43.89,Galactic-Star,,-1
J2204+472,HK Lac,331.24,47.23,Galactic-Star,,-1
J2230+493,V350 Lac,337.53,49.36,Galactic-Star,,-1
J2253+168,IM Peg,343.2594,16.8412,Galactic-Star,-0.004305,-1.23
J2311+530,RT And,347.79,53.03,Galactic-Star,,-1
J2316+257,EZ Peg,349.22,25.72,Galactic-Star,,-1
J2334+720,Cep flare,353.5,72,Galactic-Star,,-1
J2337+464,Lambda And,354.39,46.46,Galactic-Star,,-1
J2339+282,KT Peg,354.88,28.25,Galactic-Star,,-1
J2339-692,DS Tuc,354.92,-69.2,Galactic-Star,,-1
J2357-643,Eta Tuc,359.4,-64.3,Galactic-Star,,-1
J0252-127,HD17925,43.13,-12.77,Galactic-Star,,-1
J1050+068,HIP53020,162.72,6.81,Galactic-Star,,-1
J0006+290,HD166,1.65,29.02,Galactic-Star,,-1
J0528-654,"HD36705,AB Dor",82.19,-65.45,Galactic-Star,,-1
J0728-302,HIP36349,112.21,-30.25,Galactic-Star,,-1
J0347-019,HIP17695,56.85,-1.97,Galactic-Star,,-1
J1442-649,GJ560B,220.63,-64.98,Galactic-Star,,-1
J1541-446,HD139664,235.3,-44.66,Galactic-Star,,-1
J1248+248,HD111395,192.2,24.84,Galactic-Star,,-1
J0524-389,HD35650,81.13,-38.97,Galactic-Star,,-1
J0932+269,HD82443,143.18,26.99,Galactic-Star,,-1
J2144+147,HD206860,326.13,14.77,Galactic-Star,,-1
J0402-002,HD25457,60.65,-0.27,Galactic-Star,,-1
J1548+015,HD141272,237.04,1.57,Galactic-Star,,-1
J1112+358,HD97334B,168.13,35.81,Galactic-Star,,-1
J1325+569,HD116956,201.44,56.97,Galactic-Star,,-1
J1303-051,HD113449,195.96,-5.16,Galactic-Star,,-1
J2356-390,HD224228,359.05,-39.05,Galactic-Star,,-1
J1258+382,HD112733,194.63,38.28,Galactic-Star,,-1
J2234-207,HD213845,338.67,-20.71,Galactic-Star,,-1
J0137-067,HD10008,24.4,-6.76,Galactic-Star,,-1
J1738+612,HD160934,264.67,61.24,Galactic-Star,,-1
J1104-042,HD96064,166.17,-4.22,Galactic-Star,,-1
J2306+639,HIP114066,346.52,63.93,Galactic-Star,,-1
J2131+233,HIP106231,322.76,23.34,Galactic-Star,,-1
J1345-046,HIP67092,206.27,-4.62,Galactic-Star,,-1
J1028+008,HIP51317,157.23,0.84,Galactic-Star,,-1
J0320-192,1E0318.5-19.4,50.21,-19.27,Galactic-Star,,-1
J0018+309,HD1405,4.59,30.96,Galactic-Star,,-1
J0723+204,BD+20_1790,110.93,20.42,Galactic-Star,,-1
J1633-095,HIP81084,248.42,-9.55,Galactic-Star,,-1
J0212+239,HD13482,33.06,23.96,Galactic-Star,,-1
J0247+193,HD17332,41.86,19.37,Galactic-Star,,-1
J1439+642,"HD129333,EK Dra",219.75,64.29,Galactic-Star,,-1
J0120-114,HIP6276,20.14,-11.47,Galactic-Star,,-1
J1022+412,HD89744,155.54,41.23,Galactic-Star,,-1
J1225+080,GJ466,186.49,8.06,Galactic-Star,,-1
J0309-095,HD19668,47.43,-9.58,Galactic-Star,,-1
J1540-187,HD139751,235.12,-18.7,Galactic-Star,,-1
J0822+018,HD70573,125.71,1.86,Galactic-Star,,-1
J1654-043,HD152555,253.53,-4.34,Galactic-Star,,-1
J0045+549,HD4277,11.46,54.98,Galactic-Star,,-1
J2319+422,HIP115162,349.92,42.25,Galactic-Star,,-1
J0106-143,HD6569,16.61,-14.3,Galactic-Star,,-1
J2311-451,HD218860,347.97,-45.14,Galactic-Star,,-1
J2057-590,HD199065AB,314.34,-59.08,Galactic-Star,,-1
J0406+016,HD25953,61.67,1.68,Galactic-Star,,-1
J1429-626,Prox Cen,217.43,-62.68,Galactic-Star,,-1
J1019+198,AD Leo,154.9,19.87,Galactic-Star,,-1
J2246+443,EV Lac,341.71,44.33,Galactic-Star,,-1
J1655-083,Wolf 630,253.87,-8.34,Galactic-Star,,-1
J2238-206,FK Aqr,339.69,-20.62,Galactic-Star,,-1
J1454+161,CE Boo,223.62,16.1,Galactic-Star,,-1
J1934+051,V1285 Aql,293.65,5.17,Galactic-Star,,-1
J1300+123,DT Vir,195.19,12.37,Galactic-Star,,-1
J0459+017,V1005 Ori,74.89,1.78,Galactic-Star,,-1
J1634+571,CM Dra,248.58,57.16,Galactic-Star,,-1
J0734+318,YY Gem,113.65,31.87,Galactic-Star,,-1
J1833+517,BY Dra,278.48,51.72,Galactic-Star,,-1
J1334-083,EQ Vir,203.68,-8.34,Galactic-Star,,-1
J0042+355,FF And,10.7,35.55,Galactic-Star,,-1
J2251+317,GT Peg,342.97,31.75,Galactic-Star,,-1
J0022+616,"IGR J00234+6141,2MASS J00225764+6141075",5.7402,61.6854,Galactic-Compact-Binary-WD,,-1
J0049-728,"XTE J0055-727,MACHO 208.15911.13",12.2978,-72.8271,Galactic-Compact-Binary-NS/BH,,-1
J0052-724,SMC X-3,13.0235,-72.4345,Galactic-Compact-Binary-Pulsar,0.014884,4.253
J0052-733,"RX J0052.1-7319,2E 0050.4-733",13.0583,-73.3219,Galactic-Compact-Binary-NS/BH,,-1
J0101-723,RX J0101.8-7223,15.4675,-72.3906,Galactic-Compact-Binary-Pulsar,,-1
J0104-729,IGR J01054-7253,16.1733,-72.9013,Galactic-Compact-Binary-NS,,-1
J0116-025,AY Cet,19.1512,-2.5004,Galactic-Compact-Binary-NS/BH,,-1
J0248+696,RZ Cas,42.2313,69.6343,Galactic-Star,,-1
J0256+194,"XY Ari,2E 0253.3+1914",44.0341,19.4428,Galactic-Compact-Binary-WD,,-1
J0402+428,NSV 1436,60.662,42.8462,Galactic-Compact-Binary-WD,,-1
J0403-360,PKS 0402-362,60.974,-36.0839,ExtraGalactic-AGN,,-1
J0436+271,"HD 283750,V833 Tau",69.201,27.1322,Galactic-Star,,-1
J0437-024,"GJ 3305,2MASS J04373746-0229282",69.4061,-2.4912,Galactic-Star,,-1
J0501+452,"SGR 0501+4516,1RXS J050107.9+451631",75.2833,45.2753,Galactic-Compact-Isolated,,-1
J0525+242,1RXS J052523.2+241331,81.3437,24.2255,Galactic-Compact-Binary-WD,,-1
J0530-669,Swift J053041.9-665426,82.6746,-66.9072,Galactic-Compact-Binary-NS/BH,,-1
J0531-661,RX J0531.2-6607,82.8054,-66.1181,Galactic-Compact-Binary-NS,,-1
J0541-690,IGR J05414-6858,85.3613,-69.0236,Galactic-Compact-Binary-NS,,-1
J0543-410,TX Col,85.834,-41.0318,Galactic-Compact-Binary-WD,,-1
J0557+538,"V405 Aur,RX J0558.0+5353",89.4971,53.8958,Galactic-Compact-Binary-WD,,-1
J0630-605,XMMSL1 J063045.9-603110,97.6912,-60.5194,Unknown,,-1
J0710+591,"QSO B0706+591,RGB J0710+591",107.6252,59.139,ExtraGalactic-AGN,,-1
J0802-698,"IGR J08023-6954,DENIS-P J080241.6-695338",120.6735,-69.8938,Galactic-Star,,-1
J0835+513,"SAX J0835.9+5118,SAX0835.9+5118",128.9833,51.31,Galactic-Compact-Binary-NS/BH,,-1
J0902-464,Fermi J0902-4624,135.56,-46.41,Unknown,,-1
J0922+402,BF Lyn,140.6081,40.2011,Galactic-Star,,-1
J0932-111,LQ Hya,143.1065,-11.1846,Galactic-Star,,-1
J1025-684,IGR J10252-6829,156.252,-68.4576,Unknown,,-1
J1037-568,"4U 1036-56,RX J1037.5-5647",159.3979,-56.8031,Galactic-Compact-Binary-Pulsar,,-1
J1108-510,IGR J11085-5100,167.2103,-51.0424,Unknown,,-1
J1121-598,"IGR J11215-5952,USNO-B1.0 0301-00239906",170.4454,-59.8617,Galactic-Compact-Binary-NS,,-1
J1131-629,"IGR J11305-6256,Swift J1131.0-6256",172.7788,-62.9469,Galactic-Compact-Binary-NS/BH,,-1
J1132-531,IGR J11321-5311,173.025,-53.1833,Unknown,,-1
J1140+519,RW UMa,175.1931,51.9982,Galactic-Star,,-1
J1226+127,Virgo Cluster,186.6337,12.7233,ExtraGalactic-Cluster_of_Galaxies,,-1
J1229+022,GRS 1227+025,187.475,2.2167,Unknown,,-1
J1448-597,"IGR J14488-5942,Swift J1448.4-5945",222.1801,-59.7038,Galactic-Compact-Binary-Pulsar,,-1
J1509-217,ASAS 150946-2147,227.4417,-21.795,Unknown,,-1
J1509-668,"IGR J15094-6649,2MASS J15092601-6649232",227.3584,-66.8231,Galactic-Compact-Binary-WD,,-1
J1528-618,"TrA X-1,KY Tra",232.0717,-61.8828,Galactic-Compact-Binary-BH,,-1
J1536-578,IGR J15360-5750,234.0125,-57.8067,ExtraGalactic-AGN,,-1
J1544-567,XTE J1543-568,236.008,-56.712,Galactic-Compact-Binary-Pulsar,0.016413,4.689
J1557-544,"H 1553-542,2S 1553-542",239.4542,-54.415,Galactic-Compact-Binary-Pulsar,0.017562,5.018
J1614+338,TZ CrB,243.6702,33.8586,Galactic-Star,,-1
J1616-499,"IGR J16167-4957,1RXS J161637.2-495847",244.155,-49.9799,Galactic-Compact-Binary-WD,,-1
J1619-497,"IGR J16195-4945,AX J1619.4-4945",244.8842,-49.7418,Galactic-Compact-Binary-NS/BH,,-1
J1620-515,"IGR J16207-5129,CXOU J162046.2-513006",245.1875,-51.5067,Galactic-Compact-Binary-NS/BH,,-1
J1625-244,3EG J1627-2419,246.475,-24.4967,ExtraGalactic-AGN,,-1
J1628-486,IGR J16283-4838,247.0446,-48.6486,Galactic-Compact-Binary-NS,,-1
J1629-460,IGR J16293-4603,247.3125,-46.0767,Galactic-Compact-Binary-NS/BH,,-1
J1631-404,IGR J16316-4028,247.9,-40.4667,Unknown,,-1
J1635-474,"IGR J16358-4726,IGR16358-4726",248.9792,-47.4267,Galactic-Compact-Binary-Pulsar,,-1
J1635-475,"SGR 1627-41,SGR1627-41",248.9667,-47.5867,Galactic-Compact-Isolated,,-1
J1637-498,XTE J1637-498,249.2611,-49.8613,Unknown,,-1
J1637-507,IGR J16374-5043,249.3063,-50.7248,Unknown,,-1
J1639-467,"IGR J16393-4643,AX J1639.0-4642",249.775,-46.7067,Galactic-Compact-Binary-NS/BH,,-1
J1644-558,IGR J16442-5548,251.088,-55.808,Unknown,,-1
J1646-451,"IGR J16465-4507,2MASS J16463526-4507045",251.6469,-45.1179,Galactic-Compact-Binary-Pulsar,,-1
J1647-452,"IGR J16479-4514,2MASS J16480656-4512068",251.9917,-45.2017,Galactic-Compact-Binary-NS,,-1
J1655-418,IGR J16558-4150,253.95,-41.8333,Unknown,,-1
J1700+359,IGR J17009+3559,255.2207,35.9989,ExtraGalactic-AGN,,-1
J1700-423,"AX J1700.2-4220,2MASS J17002524-4219003",255.1052,-42.3168,Galactic-Compact-Binary-NS/BH,,-1
J1704-412,XTE J1704-412,256.005,-41.2444,Unknown,,-1
J1704-445,XTE J1704-445,256.125,-44.5333,Galactic-Compact-Binary-NS,,-1
J1708-228,"4U 1708-23,Oph X-2",257.0958,-22.8033,Unknown,,-1
J1709-364,"IGR J17098-3628,2MASS J17094612-362757",257.4422,-36.4659,Galactic-Compact-Binary-BH,,-1
J1711-381,SAX J1711.6-3808,257.9046,-38.1183,Galactic-Compact-Binary-BH,,-1
J1712-242,"V2400 Oph,1RXS J171236.2-241445",258.1517,-24.2458,Galactic-Compact-Binary-WD,,-1
J1716-628,NGC 6300,259.2478,-62.8206,ExtraGalactic-AGN,0.003503,1.001
J1717-369,IGR J17177-3656,259.4125,-36.9381,Galactic-Compact-Binary-BH,,-1
J1717-669,V824 Ara,259.3563,-66.951,Galactic-Star,,-1
J1718-321,1H 1715-321,259.6975,-32.1778,Galactic-Compact-Binary-NS/BH,,-1
J1718-404,"RX J1718.4-4029,1RXS J171824.2-402934",259.6005,-40.4918,Galactic-Compact-Binary-NS/BH,0.03662,10.463
J1719-250,"GRS 1716-249,Granat 1716-249",259.90388,-25.01761,Galactic-Compact-Binary-BH,0.060588,17.311
J1719-290,XTE J1719-291,259.8207,-29.0695,Unknown,,-1
J1719-317,"XTE J1720-318,V1228 Sco",259.9958,-31.7503,Galactic-Compact-Binary-BH,,-1
J1719-355,XMMSL1 J171900.4-353217,259.7517,-35.5381,Unknown,,-1
J1719-410,"IGR J17195-4100,1RXS J171935.6-410054",259.8983,-41.0151,Galactic-Compact-Binary-WD,,-1
J1720-312,"IGR J17200-3116,2MASS J17200591-3116596",260.0246,-31.2832,Galactic-Compact-Binary-NS/BH,,-1
J1723-376,XTE J1723-376,260.9113,-37.6617,Galactic-Compact-Binary-NS,,-1
J1728-293,IGR J17285-2922,262.125,-29.3667,Unknown,,-1
J1733-241,IGR J17331-2406,263.3042,-24.1433,Unknown,,-1
J1733-312,"GRS 1730-312,KS 1730-312",263.3833,-31.2167,Galactic-Compact-Binary-BH,,-1
J1735-304,"Terzan 1,XB 1732-304",263.9492,-30.4697,Galactic-Compact-Binary-NS,0.144641,41.326
J1735-356,"1RXH J173523.7-354013,RX J1735.3-3540",263.8458,-35.6703,Galactic-Compact-Binary-NS/BH,,-1
J1736-447,IGR J17361-4441,264.0726,-44.735,Galactic-Compact-Binary-NS/BH,,-1
J1737-303,IGR J17375-3022,264.3946,-30.3817,Unknown,,-1
J1737-377,IGR J17379-3747,264.495,-37.772,Galactic-Compact-Binary-NS,0.030448,8.699
J1738-284,"GX 359+2,4U 1735-28",264.6417,-28.4783,Galactic-Compact-Binary-NS/BH,,-1
J1739-284,XTE J1739-285,264.9748,-28.4963,Galactic-Compact-Binary-NS,0.016041,4.583
J1739-303,"XTE J1739-302,IGR J17391-3021",264.79813,-30.34382,Galactic-Compact-Binary-NS,,-1
J1740-283,"SLX 1737-282,2E 1737.5-2817",265.1785,-28.3024,Galactic-Compact-Binary-NS,,-1
J1740-310,"AX J1740.1-3102,GRS 1737-31",265.0375,-31.04,Galactic-Compact-Binary-BH,,-1
J1741-298,EXS 1737.9-2952,265.275,-29.8833,Galactic-Compact-Binary-BH,,-1
J1742+184,4C +18.51,265.5289,18.4558,ExtraGalactic-AGN,0.036616,10.462
J1744-293,"KS 1741-293,AX J1744.8-2921,M1741-293",266.2127,-29.3547,Galactic-Compact-Binary-NS,,-1
J1744-298,Swift J174444.9-295042,266.1871,-29.8451,Unknown,,-1
J1745-289,"CXOGCS J174502.2-285449,Granat 1741.9-2853",266.2597,-28.9138,Galactic-Compact-Binary-NS/BH,,-1
J1746-287,"1E 1743.1-2843,2E 1743.1-2842",266.5879,-28.7284,Galactic-Compact-Binary-NS/BH,,-1
J1746-307,"IGR J17460-3047,IGR17460-3047",266.5792,-30.7917,Unknown,,-1
J1749-275,AX J1749.1-2733,267.2783,-27.5421,Galactic-Compact-Binary-NS/BH,,-1
J1749-293,IGR J17498-2921,267.45,-29.35,Galactic-Compact-Binary-NS,,-1
J1749-304,IGR J17494-3030,267.3491,-30.4998,Unknown,,-1
J1750-214,EXO 1747-214,267.6022,-21.4222,Galactic-Compact-Binary-NS/BH,,-1
J1751-202,1RXS J175113.3-201214,267.8058,-20.2039,Unknown,,-1
J1754-263,"IGR J17544-2619,1RXS J175428.3-262035",268.6071,-26.3328,Galactic-Compact-Binary-NS,,-1
J1754-279,AX J1754.2-2754,268.5608,-27.9095,Galactic-Compact-Binary-NS,,-1
J1755+361,"HD 163621,V835 Her",268.8528,36.1889,Galactic-Star,,-1
J1755-324,XTE J1755-324,268.8692,-32.4775,Galactic-Compact-Binary-BH,,-1
J1758-213,"IGR J17586-2129,CXOU J175834.5-212321",269.6583,-21.3267,Galactic-Compact-Binary-NS/BH,,-1
J1758-338,"H 1755-338,Ginga 1755-338",269.6667,-33.8075,Galactic-Compact-Binary-BH,0.032911,9.403
J1800-229,"SGR 1801-23,SGR1801-23",270.2454,-22.9467,Galactic-Compact-Isolated,,-1
J1810-190,XTE J1810-189,272.6079,-19.07,Galactic-Compact-Binary-NS,0.01762,5.034
J1812-182,XTE J1812-182,273.1182,-18.21,Unknown,,-1
J1812-235,"PSR J1809-2332,0FGL J1809.5-2331",273.2208,-23.5258,Galactic-Co,,-1
J1815-108,IGR J18151-1052,273.79,-10.88,Unknown,,-1
J1815-338,IGR J18159-3353,273.9892,-33.89,Unknown,,-1
J1816-162,Swift J1816.7-1613,274.1762,-16.2224,Galactic-Compact-Binary-Pulsar,,-1
J1817-155,"IGR J18175-1530,XTE J1817-155",274.3929,-15.5114,Unknown,,-1
J1817-163,IGR J18179-1621,274.4675,-16.3588,Galactic-Compact-Binary-Pulsar,,-1
J1817-251,"IGR J18173-2509,XMMSL1 J181722.2+250838",274.3417,-25.1439,Galactic-Compact-Binary-WD,,-1
J1822-137,"IGR J18219-1347,XMMSL1 J182155.0-134719",275.5,-13.7917,Unknown,,-1
J1828-037,IGR J18284-0345,277.114,-3.764,Unknown,,-1
J1829-098,"XTE J1829-098,XGPS-I J182944-095122",277.4338,-9.8567,Galactic-Compact-Binary-Pulsar,0.028236,8.067
J1832-079,"IGR J18325-0756,CXOU J183228.3-075641",278.1178,-7.945,Galactic-Compact-Binary-NS/BH,,-1
J1835-076,Sct X-1,278.8576,-7.6139,Galactic-Compact-Binary-Pulsar,0.009019,2.577
J1836+036,"Swift J1836.6+0341,XTE J1837+037",279.1643,3.6835,Galactic-Compact-Binary-WD,,-1
J1845-006,"Swift J1845.7-0037,XMMSL1 J184555.4-003941",281.478,-0.65944,Unknown,0.148149,42.328
J1845-045,"IGR J18450-0435,AX J1845.0-0433",281.2588,-4.5653,Galactic-Compact-Binary-NS,,-1
J1846-023,IGRJ18462-0223,281.5667,-2.3867,Galactic-Compact-Binary-NS/BH,,-1
J1848+323,"TXS 1846+322,0FGL J1847.8+3223",282.092,32.3174,Unknown,,-1
J1849-030,EXO 1846-031,282.3213,-3.0622,Galactic-Compact-Binary-BH,0.119927,34.265
J1850-009,Swift J185003.2-005627,282.5139,-0.9398,Unknown,,-1
J1853+074,IGR J18539+0727,283.475,7.45,Unknown,,-1
J1856+053,XTE J1856+053,284.1788,5.3095,Galactic-Compact-Binary-BH,-0.013175,-3.764
J1904+090,XTE J1906+090,286.1979,9.0448,Galactic-Compact-Binary-NS/BH,,-1
J1907+093,"SGR 1900+14,SGR1900+14",286.8093,9.322,Galactic-Compact-Isolated,,-1
J1911+139,IGR J19112+1358,287.8025,13.9811,Unknown,,-1
J1942+259,1RXS J194211.9+255552,295.5496,25.9313,Unknown,,-1
J1943+024,Swift J1943.4+0228,295.8922,2.4653,Unknown,,-1
J1955+262,Swift J195509.6+261406,298.79,26.2352,Galactic-Compact-Binary-NS,,-1
J2000+321,"Swift J2000.6+3210,2MASS J20002185+3211232",300.0911,32.1898,Galactic-Compact-Binary-Pulsar,,-1
J2012+381,XTE J2012+381,303.1573303,38.1835474,Galactic-Compact-Binary-BH,-0.010801,-3.086
J2018+367,IGR J20188+3647,304.7,36.7917,Unknown,,-1
J2029+577,1RXS J202945.1+574348,307.4379,57.73,Unknown,,-1
J2037+418,Swift J2037.2+4151,309.25,41.8333,Unknown,,-1
J2047-365,BO Mic,311.9375,-36.5947,Galactic-Star,,-1
J2111+344,IGR J21117+3427,317.948,34.462,Unknown,,-1
J2133+511,"0ES 2132+50.9,RX J2133.7+5107",323.4318,51.1235,Galactic-Compact-Binary-WD,,-1
J2203+317,"4C 31.63,ICRF J220314.9+314538",330.8124,31.7606,ExtraGalactic-AGN,,-1
J2309+479,KZ And,347.489,47.9584,Galactic-Star,,-1
J2319+790,V368 Cep,349.861,79.0035,Galactic-Star,,-1
J2334+393,V455 And,353.506,39.3614,Galactic-Compact-Binary-WD,,-1
